"","X","Region","Year","Taxon","Depth","Length"
"37145",37145,"Elephant Island",2018,"NOTOTHENIA ROSSII",279.5,68
"37146",37146,"Elephant Island",2018,"NOTOTHENIA ROSSII",279.5,52
"37147",37147,"Elephant Island",2018,"NOTOTHENIA ROSSII",279.5,52
"37148",37148,"Elephant Island",2018,"NOTOTHENIA ROSSII",279.5,58
"37149",37149,"Elephant Island",2018,"NOTOTHENIA ROSSII",279.5,51
"37150",37150,"Elephant Island",2018,"NOTOTHENIA ROSSII",279.5,58
"37151",37151,"Elephant Island",2018,"NOTOTHENIA ROSSII",279.5,40
"37152",37152,"Elephant Island",2018,"NOTOTHENIA ROSSII",279.5,57
"37153",37153,"Elephant Island",2018,"NOTOTHENIA ROSSII",279.5,55
"37154",37154,"Elephant Island",2018,"CHAENOCEPHALUS ACERATUS",279.5,55
"37155",37155,"Elephant Island",2018,"CHAENOCEPHALUS ACERATUS",279.5,19
"37156",37156,"Elephant Island",2018,"CHAENOCEPHALUS ACERATUS",279.5,27
"37157",37157,"Elephant Island",2018,"PARACHAENICHTHYS CHARCOTI",279.5,19
"37158",37158,"Elephant Island",2018,"CHAMPSOCEPHALUS GUNNARI",279.5,46
"37159",37159,"Elephant Island",2018,"NOTOTHENIA ROSSII",296.5,69
"37160",37160,"Elephant Island",2018,"NOTOTHENIA ROSSII",296.5,58
"37161",37161,"Elephant Island",2018,"NOTOTHENIA ROSSII",296.5,50
"37162",37162,"Elephant Island",2018,"NOTOTHENIA ROSSII",296.5,55
"37163",37163,"Elephant Island",2018,"NOTOTHENIA ROSSII",296.5,56
"37164",37164,"Elephant Island",2018,"NOTOTHENIA ROSSII",296.5,53
"37165",37165,"Elephant Island",2018,"NOTOTHENIA ROSSII",296.5,58
"37166",37166,"Elephant Island",2018,"NOTOTHENIA ROSSII",296.5,49
"37167",37167,"Elephant Island",2018,"NOTOTHENIA ROSSII",296.5,50
"37168",37168,"Elephant Island",2018,"NOTOTHENIA ROSSII",296.5,59
"37169",37169,"Elephant Island",2018,"NOTOTHENIA ROSSII",296.5,48
"37170",37170,"Elephant Island",2018,"NOTOTHENIA ROSSII",296.5,58
"37171",37171,"Elephant Island",2018,"NOTOTHENIA ROSSII",296.5,53
"37172",37172,"Elephant Island",2018,"NOTOTHENIA ROSSII",296.5,57
"37173",37173,"Elephant Island",2018,"NOTOTHENIA ROSSII",296.5,46
"37174",37174,"Elephant Island",2018,"NOTOTHENIA ROSSII",296.5,59
"37175",37175,"Elephant Island",2018,"NOTOTHENIA ROSSII",296.5,48
"37176",37176,"Elephant Island",2018,"NOTOTHENIA ROSSII",296.5,49
"37177",37177,"Elephant Island",2018,"NOTOTHENIA ROSSII",296.5,44
"37178",37178,"Elephant Island",2018,"NOTOTHENIA ROSSII",296.5,46
"37179",37179,"Elephant Island",2018,"NOTOTHENIA ROSSII",296.5,50
"37180",37180,"Elephant Island",2018,"NOTOTHENIA ROSSII",296.5,56
"37181",37181,"Elephant Island",2018,"NOTOTHENIA ROSSII",296.5,54
"37182",37182,"Elephant Island",2018,"NOTOTHENIA ROSSII",296.5,58
"37183",37183,"Elephant Island",2018,"NOTOTHENIA ROSSII",296.5,41
"37184",37184,"Elephant Island",2018,"NOTOTHENIA ROSSII",296.5,55
"37185",37185,"Elephant Island",2018,"NOTOTHENIA ROSSII",296.5,51
"37186",37186,"Elephant Island",2018,"NOTOTHENIA ROSSII",296.5,55
"37187",37187,"Elephant Island",2018,"NOTOTHENIA ROSSII",296.5,48
"37188",37188,"Elephant Island",2018,"NOTOTHENIA ROSSII",296.5,53
"37189",37189,"Elephant Island",2018,"NOTOTHENIA ROSSII",296.5,48
"37190",37190,"Elephant Island",2018,"NOTOTHENIA ROSSII",296.5,45
"37191",37191,"Elephant Island",2018,"NOTOTHENIA ROSSII",296.5,51
"37192",37192,"Elephant Island",2018,"NOTOTHENIA ROSSII",296.5,52
"37193",37193,"Elephant Island",2018,"NOTOTHENIA ROSSII",296.5,50
"37194",37194,"Elephant Island",2018,"NOTOTHENIA ROSSII",296.5,47
"37195",37195,"Elephant Island",2018,"NOTOTHENIA ROSSII",296.5,50
"37196",37196,"Elephant Island",2018,"NOTOTHENIA ROSSII",296.5,55
"37197",37197,"Elephant Island",2018,"NOTOTHENIA ROSSII",296.5,52
"37198",37198,"Elephant Island",2018,"NOTOTHENIA ROSSII",296.5,53
"37199",37199,"Elephant Island",2018,"NOTOTHENIA ROSSII",350,50
"37200",37200,"Elephant Island",2018,"NOTOTHENIA ROSSII",350,57
"37201",37201,"Elephant Island",2018,"NOTOTHENIA ROSSII",350,49
"37202",37202,"Elephant Island",2018,"NOTOTHENIA ROSSII",350,64
"37203",37203,"Elephant Island",2018,"NOTOTHENIA ROSSII",350,39
"37204",37204,"Elephant Island",2018,"NOTOTHENIA ROSSII",350,57
"37205",37205,"Elephant Island",2018,"NOTOTHENIA ROSSII",350,54
"37206",37206,"Elephant Island",2018,"NOTOTHENIA ROSSII",350,48
"37207",37207,"Elephant Island",2018,"NOTOTHENIA ROSSII",350,51
"37208",37208,"Elephant Island",2018,"NOTOTHENIA ROSSII",350,54
"37209",37209,"Elephant Island",2018,"NOTOTHENIA ROSSII",350,51
"37210",37210,"Elephant Island",2018,"NOTOTHENIA ROSSII",350,60
"37211",37211,"Elephant Island",2018,"NOTOTHENIA ROSSII",350,50
"37212",37212,"Elephant Island",2018,"NOTOTHENIA ROSSII",350,54
"37213",37213,"Elephant Island",2018,"NOTOTHENIA ROSSII",350,59
"37214",37214,"Elephant Island",2018,"NOTOTHENIA ROSSII",350,57
"37215",37215,"Elephant Island",2018,"NOTOTHENIA ROSSII",350,51
"37216",37216,"Elephant Island",2018,"NOTOTHENIA ROSSII",350,60
"37217",37217,"Elephant Island",2018,"NOTOTHENIA ROSSII",350,48
"37218",37218,"Elephant Island",2018,"NOTOTHENIA ROSSII",350,54
"37219",37219,"Elephant Island",2018,"NOTOTHENIA ROSSII",350,59
"37220",37220,"Elephant Island",2018,"NOTOTHENIA ROSSII",350,55
"37221",37221,"Elephant Island",2018,"NOTOTHENIA ROSSII",350,56
"37222",37222,"Elephant Island",2018,"NOTOTHENIA ROSSII",350,60
"37223",37223,"Elephant Island",2018,"NOTOTHENIA ROSSII",350,60
"37224",37224,"Elephant Island",2018,"NOTOTHENIA ROSSII",350,59
"37225",37225,"Elephant Island",2018,"NOTOTHENIA ROSSII",350,57
"37226",37226,"Elephant Island",2018,"NOTOTHENIA ROSSII",350,62
"37227",37227,"Elephant Island",2018,"NOTOTHENIA ROSSII",350,60
"37228",37228,"Elephant Island",2018,"NOTOTHENIA ROSSII",350,57
"37229",37229,"Elephant Island",2018,"NOTOTHENIA ROSSII",350,48
"37230",37230,"Elephant Island",2018,"NOTOTHENIA ROSSII",350,50
"37231",37231,"Elephant Island",2018,"NOTOTHENIA ROSSII",350,52
"37232",37232,"Elephant Island",2018,"NOTOTHENIA ROSSII",172.5,52
"37233",37233,"Elephant Island",2018,"NOTOTHENIA ROSSII",172.5,59
"37234",37234,"Elephant Island",2018,"NOTOTHENIA ROSSII",172.5,49
"37235",37235,"Elephant Island",2018,"NOTOTHENIA ROSSII",172.5,45
"37236",37236,"Elephant Island",2018,"NOTOTHENIA ROSSII",172.5,46
"37237",37237,"Elephant Island",2018,"NOTOTHENIA ROSSII",172.5,56
"37238",37238,"Elephant Island",2018,"NOTOTHENIA ROSSII",172.5,49
"37239",37239,"Elephant Island",2018,"NOTOTHENIA ROSSII",172.5,48
"37240",37240,"Elephant Island",2018,"NOTOTHENIA ROSSII",172.5,50
"37241",37241,"Elephant Island",2018,"NOTOTHENIA ROSSII",172.5,51
"37242",37242,"Elephant Island",2018,"NOTOTHENIA ROSSII",172.5,52
"37243",37243,"Elephant Island",2018,"NOTOTHENIA ROSSII",172.5,63
"37244",37244,"Elephant Island",2018,"NOTOTHENIA ROSSII",172.5,55
"37245",37245,"Elephant Island",2018,"NOTOTHENIA ROSSII",172.5,41
"37246",37246,"Elephant Island",2018,"NOTOTHENIA ROSSII",172.5,41
"37247",37247,"Elephant Island",2018,"NOTOTHENIA ROSSII",172.5,66
"37248",37248,"Elephant Island",2018,"NOTOTHENIA ROSSII",172.5,63
"37249",37249,"Elephant Island",2018,"NOTOTHENIA ROSSII",172.5,45
"37250",37250,"Elephant Island",2018,"NOTOTHENIA ROSSII",172.5,43
"37251",37251,"Elephant Island",2018,"NOTOTHENIA ROSSII",172.5,56
"37252",37252,"Elephant Island",2018,"NOTOTHENIA ROSSII",172.5,45
"37253",37253,"Elephant Island",2018,"NOTOTHENIA ROSSII",172.5,48
"37254",37254,"Elephant Island",2018,"NOTOTHENIA ROSSII",172.5,42
"37255",37255,"Elephant Island",2018,"NOTOTHENIA ROSSII",172.5,40
"37256",37256,"Elephant Island",2018,"NOTOTHENIA ROSSII",172.5,51
"37257",37257,"Elephant Island",2018,"NOTOTHENIA ROSSII",172.5,52
"37258",37258,"Elephant Island",2018,"NOTOTHENIA ROSSII",172.5,59
"37259",37259,"Elephant Island",2018,"NOTOTHENIA ROSSII",172.5,58
"37260",37260,"Elephant Island",2018,"NOTOTHENIA ROSSII",172.5,47
"37261",37261,"Elephant Island",2018,"NOTOTHENIA ROSSII",172.5,49
"37262",37262,"Elephant Island",2018,"NOTOTHENIA ROSSII",172.5,50
"37263",37263,"Elephant Island",2018,"NOTOTHENIA ROSSII",172.5,52
"37264",37264,"Elephant Island",2018,"NOTOTHENIA ROSSII",172.5,44
"37265",37265,"Elephant Island",2018,"NOTOTHENIA ROSSII",172.5,55
"37266",37266,"Elephant Island",2018,"NOTOTHENIA ROSSII",172.5,48
"37267",37267,"Elephant Island",2018,"NOTOTHENIA ROSSII",172.5,50
"37268",37268,"Elephant Island",2018,"NOTOTHENIA ROSSII",172.5,58
"37269",37269,"Elephant Island",2018,"NOTOTHENIA ROSSII",172.5,58
"37270",37270,"Elephant Island",2018,"NOTOTHENIA ROSSII",172.5,59
"37271",37271,"Elephant Island",2018,"NOTOTHENIA ROSSII",172.5,51
"37272",37272,"Elephant Island",2018,"NOTOTHENIA ROSSII",172.5,56
"37273",37273,"Elephant Island",2018,"NOTOTHENIA ROSSII",172.5,46
"37274",37274,"Elephant Island",2018,"NOTOTHENIA ROSSII",172.5,47
"37275",37275,"Elephant Island",2018,"NOTOTHENIA ROSSII",172.5,61
"37276",37276,"Elephant Island",2018,"NOTOTHENIA ROSSII",172.5,43
"37277",37277,"Elephant Island",2018,"NOTOTHENIA ROSSII",172.5,45
"37278",37278,"Elephant Island",2018,"NOTOTHENIA ROSSII",172.5,45
"37279",37279,"Elephant Island",2018,"NOTOTHENIA ROSSII",172.5,61
"37280",37280,"Elephant Island",2018,"NOTOTHENIA ROSSII",172.5,51
"37281",37281,"Elephant Island",2018,"NOTOTHENIA ROSSII",172.5,45
"37282",37282,"Elephant Island",2018,"NOTOTHENIA ROSSII",172.5,67
"37283",37283,"Elephant Island",2018,"NOTOTHENIA ROSSII",172.5,62
"37284",37284,"Elephant Island",2018,"NOTOTHENIA ROSSII",172.5,47
"37285",37285,"Elephant Island",2018,"NOTOTHENIA ROSSII",172.5,56
"37286",37286,"Elephant Island",2018,"NOTOTHENIA ROSSII",172.5,57
"37287",37287,"Elephant Island",2018,"NOTOTHENIA ROSSII",172.5,57
"37288",37288,"Elephant Island",2018,"NOTOTHENIA ROSSII",172.5,50
"37289",37289,"Elephant Island",2018,"NOTOTHENIA ROSSII",172.5,45
"37290",37290,"Elephant Island",2018,"NOTOTHENIA ROSSII",172.5,63
"37291",37291,"Elephant Island",2018,"NOTOTHENIA ROSSII",172.5,55
"37292",37292,"Elephant Island",2018,"GOBIONOTOTHEN GIBBERIFRONS",172.5,47
"37293",37293,"Elephant Island",2018,"GOBIONOTOTHEN GIBBERIFRONS",172.5,48
"37294",37294,"Elephant Island",2018,"GOBIONOTOTHEN GIBBERIFRONS",172.5,46
"37295",37295,"Elephant Island",2018,"GOBIONOTOTHEN GIBBERIFRONS",172.5,50
"37296",37296,"Elephant Island",2018,"GOBIONOTOTHEN GIBBERIFRONS",172.5,48
"37297",37297,"Elephant Island",2018,"GOBIONOTOTHEN GIBBERIFRONS",172.5,48
"37298",37298,"Elephant Island",2018,"GOBIONOTOTHEN GIBBERIFRONS",172.5,37
"37299",37299,"Elephant Island",2018,"GOBIONOTOTHEN GIBBERIFRONS",172.5,46
"37300",37300,"Elephant Island",2018,"GOBIONOTOTHEN GIBBERIFRONS",172.5,48
"37301",37301,"Elephant Island",2018,"GOBIONOTOTHEN GIBBERIFRONS",172.5,48
"37302",37302,"Elephant Island",2018,"CHAMPSOCEPHALUS GUNNARI",255,51
"37303",37303,"Elephant Island",2018,"CHAMPSOCEPHALUS GUNNARI",255,51
"37304",37304,"Elephant Island",2018,"CHAMPSOCEPHALUS GUNNARI",255,49
"37305",37305,"Elephant Island",2018,"CHAMPSOCEPHALUS GUNNARI",255,50
"37306",37306,"Elephant Island",2018,"CHAMPSOCEPHALUS GUNNARI",255,50
"37307",37307,"Elephant Island",2018,"CHAMPSOCEPHALUS GUNNARI",255,51
"37308",37308,"Elephant Island",2018,"CHAMPSOCEPHALUS GUNNARI",255,49
"37309",37309,"Elephant Island",2018,"CHAMPSOCEPHALUS GUNNARI",255,32
"37310",37310,"Elephant Island",2018,"CHAMPSOCEPHALUS GUNNARI",255,46
"37311",37311,"Elephant Island",2018,"CHAMPSOCEPHALUS GUNNARI",255,52
"37312",37312,"Elephant Island",2018,"CHAMPSOCEPHALUS GUNNARI",255,50
"37313",37313,"Elephant Island",2018,"CHAMPSOCEPHALUS GUNNARI",255,51
"37314",37314,"Elephant Island",2018,"CHAMPSOCEPHALUS GUNNARI",255,46
"37315",37315,"Elephant Island",2018,"CHAMPSOCEPHALUS GUNNARI",255,47
"37316",37316,"Elephant Island",2018,"CHAMPSOCEPHALUS GUNNARI",255,32
"37317",37317,"Elephant Island",2018,"CHAMPSOCEPHALUS GUNNARI",255,49
"37318",37318,"Elephant Island",2018,"CHAMPSOCEPHALUS GUNNARI",255,48
"37319",37319,"Elephant Island",2018,"CHAMPSOCEPHALUS GUNNARI",255,49
"37320",37320,"Elephant Island",2018,"CHAMPSOCEPHALUS GUNNARI",255,31
"37321",37321,"Elephant Island",2018,"CHAMPSOCEPHALUS GUNNARI",255,32
"37322",37322,"Elephant Island",2018,"CHAMPSOCEPHALUS GUNNARI",255,48
"37323",37323,"Elephant Island",2018,"CHAMPSOCEPHALUS GUNNARI",255,50
"37324",37324,"Elephant Island",2018,"CHAMPSOCEPHALUS GUNNARI",255,36
"37325",37325,"Elephant Island",2018,"CHAMPSOCEPHALUS GUNNARI",255,49
"37326",37326,"Elephant Island",2018,"CHAMPSOCEPHALUS GUNNARI",255,52
"37327",37327,"Elephant Island",2018,"CHAMPSOCEPHALUS GUNNARI",255,52
"37328",37328,"Elephant Island",2018,"CHAMPSOCEPHALUS GUNNARI",255,36
"37329",37329,"Elephant Island",2018,"CHAMPSOCEPHALUS GUNNARI",255,31
"37330",37330,"Elephant Island",2018,"CHAMPSOCEPHALUS GUNNARI",255,33
"37331",37331,"Elephant Island",2018,"CHAMPSOCEPHALUS GUNNARI",255,50
"37332",37332,"Elephant Island",2018,"CHAMPSOCEPHALUS GUNNARI",255,46
"37333",37333,"Elephant Island",2018,"CHAMPSOCEPHALUS GUNNARI",255,47
"37334",37334,"Elephant Island",2018,"CHAMPSOCEPHALUS GUNNARI",255,51
"37335",37335,"Elephant Island",2018,"CHAMPSOCEPHALUS GUNNARI",255,44
"37336",37336,"Elephant Island",2018,"CHAMPSOCEPHALUS GUNNARI",255,49
"37337",37337,"Elephant Island",2018,"CHAMPSOCEPHALUS GUNNARI",255,52
"37338",37338,"Elephant Island",2018,"CHAMPSOCEPHALUS GUNNARI",255,50
"37339",37339,"Elephant Island",2018,"CHAMPSOCEPHALUS GUNNARI",255,51
"37340",37340,"Elephant Island",2018,"CHAMPSOCEPHALUS GUNNARI",255,48
"37341",37341,"Elephant Island",2018,"CHAMPSOCEPHALUS GUNNARI",255,36
"37342",37342,"Elephant Island",2018,"CHAMPSOCEPHALUS GUNNARI",255,48
"37343",37343,"Elephant Island",2018,"CHAMPSOCEPHALUS GUNNARI",255,50
"37344",37344,"Elephant Island",2018,"CHAMPSOCEPHALUS GUNNARI",255,51
"37345",37345,"Elephant Island",2018,"CHAMPSOCEPHALUS GUNNARI",255,48
"37346",37346,"Elephant Island",2018,"CHAMPSOCEPHALUS GUNNARI",255,50
"37347",37347,"Elephant Island",2018,"CHAMPSOCEPHALUS GUNNARI",255,48
"37348",37348,"Elephant Island",2018,"CHAMPSOCEPHALUS GUNNARI",255,49
"37349",37349,"Elephant Island",2018,"CHAMPSOCEPHALUS GUNNARI",255,48
"37350",37350,"Elephant Island",2018,"CHAMPSOCEPHALUS GUNNARI",255,47
"37351",37351,"Elephant Island",2018,"CHAMPSOCEPHALUS GUNNARI",255,51
"37352",37352,"Elephant Island",2018,"CHAMPSOCEPHALUS GUNNARI",255,45
"37353",37353,"Elephant Island",2018,"CHAMPSOCEPHALUS GUNNARI",255,33
"37354",37354,"Elephant Island",2018,"CHAMPSOCEPHALUS GUNNARI",255,34
"37355",37355,"Elephant Island",2018,"CHAMPSOCEPHALUS GUNNARI",255,32
"37356",37356,"Elephant Island",2018,"CHAMPSOCEPHALUS GUNNARI",255,33
"37357",37357,"Elephant Island",2018,"CHAMPSOCEPHALUS GUNNARI",255,48
"37358",37358,"Elephant Island",2018,"CHAMPSOCEPHALUS GUNNARI",255,48
"37359",37359,"Elephant Island",2018,"CHAMPSOCEPHALUS GUNNARI",255,48
"37360",37360,"Elephant Island",2018,"CHAMPSOCEPHALUS GUNNARI",255,48
"37361",37361,"Elephant Island",2018,"CHAMPSOCEPHALUS GUNNARI",255,49
"37362",37362,"Elephant Island",2018,"DISSOSTICHUS MAWSONI",255,66
"37363",37363,"Elephant Island",2018,"CHAENOCEPHALUS ACERATUS",255,48
"37364",37364,"Elephant Island",2018,"PARACHAENICHTHYS CHARCOTI",255,35
"37365",37365,"Elephant Island",2018,"LEPIDONOTOTHEN LARSENI",255,19
"37366",37366,"Elephant Island",2018,"CHAMPSOCEPHALUS GUNNARI",255,51
"37367",37367,"Elephant Island",2018,"CHAMPSOCEPHALUS GUNNARI",255,51
"37368",37368,"Elephant Island",2018,"CHAMPSOCEPHALUS GUNNARI",255,49
"37369",37369,"Elephant Island",2018,"CHAMPSOCEPHALUS GUNNARI",255,50
"37370",37370,"Elephant Island",2018,"CHAMPSOCEPHALUS GUNNARI",255,50
"37371",37371,"Elephant Island",2018,"CHAMPSOCEPHALUS GUNNARI",255,51
"37372",37372,"Elephant Island",2018,"CHAMPSOCEPHALUS GUNNARI",255,49
"37373",37373,"Elephant Island",2018,"CHAMPSOCEPHALUS GUNNARI",255,32
"37374",37374,"Elephant Island",2018,"CHAMPSOCEPHALUS GUNNARI",255,46
"37375",37375,"Elephant Island",2018,"CHAMPSOCEPHALUS GUNNARI",255,52
"37376",37376,"Elephant Island",2018,"CHAMPSOCEPHALUS GUNNARI",255,50
"37377",37377,"Elephant Island",2018,"CHAMPSOCEPHALUS GUNNARI",255,51
"37378",37378,"Elephant Island",2018,"CHAMPSOCEPHALUS GUNNARI",255,46
"37379",37379,"Elephant Island",2018,"CHAMPSOCEPHALUS GUNNARI",255,47
"37380",37380,"Elephant Island",2018,"CHAMPSOCEPHALUS GUNNARI",255,32
"37381",37381,"Elephant Island",2018,"CHAMPSOCEPHALUS GUNNARI",255,49
"37382",37382,"Elephant Island",2018,"CHAMPSOCEPHALUS GUNNARI",255,48
"37383",37383,"Elephant Island",2018,"CHAMPSOCEPHALUS GUNNARI",255,49
"37384",37384,"Elephant Island",2018,"CHAMPSOCEPHALUS GUNNARI",255,31
"37385",37385,"Elephant Island",2018,"CHAMPSOCEPHALUS GUNNARI",255,32
"37386",37386,"Elephant Island",2018,"CHAMPSOCEPHALUS GUNNARI",255,48
"37387",37387,"Elephant Island",2018,"CHAMPSOCEPHALUS GUNNARI",255,50
"37388",37388,"Elephant Island",2018,"CHAMPSOCEPHALUS GUNNARI",255,36
"37389",37389,"Elephant Island",2018,"CHAMPSOCEPHALUS GUNNARI",255,49
"37390",37390,"Elephant Island",2018,"CHAMPSOCEPHALUS GUNNARI",255,52
"37391",37391,"Elephant Island",2018,"CHAMPSOCEPHALUS GUNNARI",255,52
"37392",37392,"Elephant Island",2018,"CHAMPSOCEPHALUS GUNNARI",255,36
"37393",37393,"Elephant Island",2018,"CHAMPSOCEPHALUS GUNNARI",255,31
"37394",37394,"Elephant Island",2018,"CHAMPSOCEPHALUS GUNNARI",255,33
"37395",37395,"Elephant Island",2018,"CHAMPSOCEPHALUS GUNNARI",255,50
"37396",37396,"Elephant Island",2018,"CHAMPSOCEPHALUS GUNNARI",255,46
"37397",37397,"Elephant Island",2018,"CHAMPSOCEPHALUS GUNNARI",255,47
"37398",37398,"Elephant Island",2018,"CHAMPSOCEPHALUS GUNNARI",255,51
"37399",37399,"Elephant Island",2018,"CHAMPSOCEPHALUS GUNNARI",255,44
"37400",37400,"Elephant Island",2018,"CHAMPSOCEPHALUS GUNNARI",255,49
"37401",37401,"Elephant Island",2018,"CHAMPSOCEPHALUS GUNNARI",255,52
"37402",37402,"Elephant Island",2018,"CHAMPSOCEPHALUS GUNNARI",255,50
"37403",37403,"Elephant Island",2018,"CHAMPSOCEPHALUS GUNNARI",255,51
"37404",37404,"Elephant Island",2018,"CHAMPSOCEPHALUS GUNNARI",255,48
"37405",37405,"Elephant Island",2018,"CHAMPSOCEPHALUS GUNNARI",255,36
"37406",37406,"Elephant Island",2018,"CHAMPSOCEPHALUS GUNNARI",255,48
"37407",37407,"Elephant Island",2018,"CHAMPSOCEPHALUS GUNNARI",255,50
"37408",37408,"Elephant Island",2018,"CHAMPSOCEPHALUS GUNNARI",255,51
"37409",37409,"Elephant Island",2018,"CHAMPSOCEPHALUS GUNNARI",255,48
"37410",37410,"Elephant Island",2018,"CHAMPSOCEPHALUS GUNNARI",255,50
"37411",37411,"Elephant Island",2018,"CHAMPSOCEPHALUS GUNNARI",255,48
"37412",37412,"Elephant Island",2018,"CHAMPSOCEPHALUS GUNNARI",255,49
"37413",37413,"Elephant Island",2018,"CHAMPSOCEPHALUS GUNNARI",255,48
"37414",37414,"Elephant Island",2018,"CHAMPSOCEPHALUS GUNNARI",255,47
"37415",37415,"Elephant Island",2018,"CHAMPSOCEPHALUS GUNNARI",255,51
"37416",37416,"Elephant Island",2018,"CHAMPSOCEPHALUS GUNNARI",255,45
"37417",37417,"Elephant Island",2018,"CHAMPSOCEPHALUS GUNNARI",255,33
"37418",37418,"Elephant Island",2018,"CHAMPSOCEPHALUS GUNNARI",255,34
"37419",37419,"Elephant Island",2018,"CHAMPSOCEPHALUS GUNNARI",255,32
"37420",37420,"Elephant Island",2018,"CHAMPSOCEPHALUS GUNNARI",255,33
"37421",37421,"Elephant Island",2018,"CHAMPSOCEPHALUS GUNNARI",255,48
"37422",37422,"Elephant Island",2018,"CHAMPSOCEPHALUS GUNNARI",255,48
"37423",37423,"Elephant Island",2018,"CHAMPSOCEPHALUS GUNNARI",255,48
"37424",37424,"Elephant Island",2018,"CHAMPSOCEPHALUS GUNNARI",255,48
"37425",37425,"Elephant Island",2018,"CHAMPSOCEPHALUS GUNNARI",255,49
"37426",37426,"Elephant Island",2018,"CHAMPSOCEPHALUS GUNNARI",239,29
"37427",37427,"Elephant Island",2018,"CHAMPSOCEPHALUS GUNNARI",239,31
"37428",37428,"Elephant Island",2018,"CHAMPSOCEPHALUS GUNNARI",239,31
"37429",37429,"Elephant Island",2018,"CHAMPSOCEPHALUS GUNNARI",239,29
"37430",37430,"Elephant Island",2018,"CHAMPSOCEPHALUS GUNNARI",239,34
"37431",37431,"Elephant Island",2018,"CHAMPSOCEPHALUS GUNNARI",239,35
"37432",37432,"Elephant Island",2018,"CHAMPSOCEPHALUS GUNNARI",239,30
"37433",37433,"Elephant Island",2018,"CHAMPSOCEPHALUS GUNNARI",239,32
"37434",37434,"Elephant Island",2018,"CHAMPSOCEPHALUS GUNNARI",239,33
"37435",37435,"Elephant Island",2018,"CHAMPSOCEPHALUS GUNNARI",239,31
"37436",37436,"Elephant Island",2018,"CHAMPSOCEPHALUS GUNNARI",239,33
"37437",37437,"Elephant Island",2018,"CHAMPSOCEPHALUS GUNNARI",239,29
"37438",37438,"Elephant Island",2018,"CHAMPSOCEPHALUS GUNNARI",239,51
"37439",37439,"Elephant Island",2018,"CHAMPSOCEPHALUS GUNNARI",239,50
"37440",37440,"Elephant Island",2018,"CHAMPSOCEPHALUS GUNNARI",239,50
"37441",37441,"Elephant Island",2018,"CHAMPSOCEPHALUS GUNNARI",239,47
"37442",37442,"Elephant Island",2018,"CHAMPSOCEPHALUS GUNNARI",239,46
"37443",37443,"Elephant Island",2018,"CHAMPSOCEPHALUS GUNNARI",239,51
"37444",37444,"Elephant Island",2018,"CHAMPSOCEPHALUS GUNNARI",239,49
"37445",37445,"Elephant Island",2018,"CHAMPSOCEPHALUS GUNNARI",239,49
"37446",37446,"Elephant Island",2018,"CHAMPSOCEPHALUS GUNNARI",239,35
"37447",37447,"Elephant Island",2018,"CHAMPSOCEPHALUS GUNNARI",239,33
"37448",37448,"Elephant Island",2018,"CHAMPSOCEPHALUS GUNNARI",239,32
"37449",37449,"Elephant Island",2018,"CHAMPSOCEPHALUS GUNNARI",239,33
"37450",37450,"Elephant Island",2018,"CHAMPSOCEPHALUS GUNNARI",239,49
"37451",37451,"Elephant Island",2018,"CHAMPSOCEPHALUS GUNNARI",239,31
"37452",37452,"Elephant Island",2018,"CHAMPSOCEPHALUS GUNNARI",239,34
"37453",37453,"Elephant Island",2018,"CHAMPSOCEPHALUS GUNNARI",239,55
"37454",37454,"Elephant Island",2018,"CHAMPSOCEPHALUS GUNNARI",239,33
"37455",37455,"Elephant Island",2018,"CHAMPSOCEPHALUS GUNNARI",239,46
"37456",37456,"Elephant Island",2018,"CHAMPSOCEPHALUS GUNNARI",239,30
"37457",37457,"Elephant Island",2018,"CHAMPSOCEPHALUS GUNNARI",239,36
"37458",37458,"Elephant Island",2018,"CHAMPSOCEPHALUS GUNNARI",239,34
"37459",37459,"Elephant Island",2018,"CHAMPSOCEPHALUS GUNNARI",239,32
"37460",37460,"Elephant Island",2018,"CHAMPSOCEPHALUS GUNNARI",239,38
"37461",37461,"Elephant Island",2018,"CHAMPSOCEPHALUS GUNNARI",239,32
"37462",37462,"Elephant Island",2018,"CHAMPSOCEPHALUS GUNNARI",239,51
"37463",37463,"Elephant Island",2018,"CHAMPSOCEPHALUS GUNNARI",239,34
"37464",37464,"Elephant Island",2018,"CHAMPSOCEPHALUS GUNNARI",239,37
"37465",37465,"Elephant Island",2018,"CHAMPSOCEPHALUS GUNNARI",239,34
"37466",37466,"Elephant Island",2018,"CHAMPSOCEPHALUS GUNNARI",239,36
"37467",37467,"Elephant Island",2018,"CHAMPSOCEPHALUS GUNNARI",239,36
"37468",37468,"Elephant Island",2018,"CHAMPSOCEPHALUS GUNNARI",239,48
"37469",37469,"Elephant Island",2018,"CHAMPSOCEPHALUS GUNNARI",239,35
"37470",37470,"Elephant Island",2018,"CHAMPSOCEPHALUS GUNNARI",239,33
"37471",37471,"Elephant Island",2018,"CHAMPSOCEPHALUS GUNNARI",239,52
"37472",37472,"Elephant Island",2018,"CHAMPSOCEPHALUS GUNNARI",239,49
"37473",37473,"Elephant Island",2018,"CHAMPSOCEPHALUS GUNNARI",239,51
"37474",37474,"Elephant Island",2018,"CHAMPSOCEPHALUS GUNNARI",239,30
"37475",37475,"Elephant Island",2018,"CHAMPSOCEPHALUS GUNNARI",239,30
"37476",37476,"Elephant Island",2018,"CHAMPSOCEPHALUS GUNNARI",239,34
"37477",37477,"Elephant Island",2018,"CHAMPSOCEPHALUS GUNNARI",239,34
"37478",37478,"Elephant Island",2018,"CHAMPSOCEPHALUS GUNNARI",239,32
"37479",37479,"Elephant Island",2018,"CHAMPSOCEPHALUS GUNNARI",239,34
"37480",37480,"Elephant Island",2018,"CHAMPSOCEPHALUS GUNNARI",239,32
"37481",37481,"Elephant Island",2018,"CHAMPSOCEPHALUS GUNNARI",239,51
"37482",37482,"Elephant Island",2018,"CHAMPSOCEPHALUS GUNNARI",239,35
"37483",37483,"Elephant Island",2018,"CHAMPSOCEPHALUS GUNNARI",239,49
"37484",37484,"Elephant Island",2018,"CHAMPSOCEPHALUS GUNNARI",239,30
"37485",37485,"Elephant Island",2018,"CHAMPSOCEPHALUS GUNNARI",239,33
"37486",37486,"Elephant Island",2018,"CHAMPSOCEPHALUS GUNNARI",239,33
"37487",37487,"Elephant Island",2018,"CHAMPSOCEPHALUS GUNNARI",239,31
"37488",37488,"Elephant Island",2018,"CHAMPSOCEPHALUS GUNNARI",239,34
"37489",37489,"Elephant Island",2018,"CHAMPSOCEPHALUS GUNNARI",239,32
"37490",37490,"Elephant Island",2018,"CHAMPSOCEPHALUS GUNNARI",239,33
"37491",37491,"Elephant Island",2018,"CHAMPSOCEPHALUS GUNNARI",239,51
"37492",37492,"Elephant Island",2018,"CHAMPSOCEPHALUS GUNNARI",239,32
"37493",37493,"Elephant Island",2018,"CHAMPSOCEPHALUS GUNNARI",239,32
"37494",37494,"Elephant Island",2018,"CHAMPSOCEPHALUS GUNNARI",239,36
"37495",37495,"Elephant Island",2018,"CHAMPSOCEPHALUS GUNNARI",239,33
"37496",37496,"Elephant Island",2018,"CHAMPSOCEPHALUS GUNNARI",239,50
"37497",37497,"Elephant Island",2018,"CHAMPSOCEPHALUS GUNNARI",239,50
"37498",37498,"Elephant Island",2018,"CHAMPSOCEPHALUS GUNNARI",239,38
"37499",37499,"Elephant Island",2018,"CHAMPSOCEPHALUS GUNNARI",239,36
"37500",37500,"Elephant Island",2018,"CHAMPSOCEPHALUS GUNNARI",239,33
"37501",37501,"Elephant Island",2018,"CHAMPSOCEPHALUS GUNNARI",239,50
"37502",37502,"Elephant Island",2018,"CHAMPSOCEPHALUS GUNNARI",239,31
"37503",37503,"Elephant Island",2018,"CHAMPSOCEPHALUS GUNNARI",239,36
"37504",37504,"Elephant Island",2018,"CHAMPSOCEPHALUS GUNNARI",239,35
"37505",37505,"Elephant Island",2018,"CHAMPSOCEPHALUS GUNNARI",239,33
"37506",37506,"Elephant Island",2018,"CHAMPSOCEPHALUS GUNNARI",239,34
"37507",37507,"Elephant Island",2018,"CHAMPSOCEPHALUS GUNNARI",239,31
"37508",37508,"Elephant Island",2018,"CHAMPSOCEPHALUS GUNNARI",239,34
"37509",37509,"Elephant Island",2018,"CHAMPSOCEPHALUS GUNNARI",239,33
"37510",37510,"Elephant Island",2018,"CHAMPSOCEPHALUS GUNNARI",239,33
"37511",37511,"Elephant Island",2018,"CHAMPSOCEPHALUS GUNNARI",239,36
"37512",37512,"Elephant Island",2018,"CHAMPSOCEPHALUS GUNNARI",239,30
"37513",37513,"Elephant Island",2018,"CHAMPSOCEPHALUS GUNNARI",239,36
"37514",37514,"Elephant Island",2018,"CHAMPSOCEPHALUS GUNNARI",239,32
"37515",37515,"Elephant Island",2018,"CHAMPSOCEPHALUS GUNNARI",239,33
"37516",37516,"Elephant Island",2018,"NOTOTHENIA ROSSII",239,77
"37517",37517,"Elephant Island",2018,"NOTOTHENIA ROSSII",239,63
"37518",37518,"Elephant Island",2018,"NOTOTHENIA ROSSII",239,71
"37519",37519,"Elephant Island",2018,"NOTOTHENIA ROSSII",239,74
"37520",37520,"Elephant Island",2018,"NOTOTHENIA ROSSII",239,79
"37521",37521,"Elephant Island",2018,"NOTOTHENIA ROSSII",239,65
"37522",37522,"Elephant Island",2018,"NOTOTHENIA ROSSII",239,66
"37523",37523,"Elephant Island",2018,"NOTOTHENIA ROSSII",239,76
"37524",37524,"Elephant Island",2018,"NOTOTHENIA ROSSII",239,50
"37525",37525,"Elephant Island",2018,"NOTOTHENIA ROSSII",239,71
"37526",37526,"Elephant Island",2018,"NOTOTHENIA ROSSII",239,68
"37527",37527,"Elephant Island",2018,"NOTOTHENIA ROSSII",239,72
"37528",37528,"Elephant Island",2018,"NOTOTHENIA ROSSII",239,79
"37529",37529,"Elephant Island",2018,"NOTOTHENIA ROSSII",239,70
"37530",37530,"Elephant Island",2018,"NOTOTHENIA ROSSII",239,70
"37531",37531,"Elephant Island",2018,"NOTOTHENIA ROSSII",239,70
"37532",37532,"Elephant Island",2018,"NOTOTHENIA ROSSII",239,70
"37533",37533,"Elephant Island",2018,"NOTOTHENIA ROSSII",239,47
"37534",37534,"Elephant Island",2018,"NOTOTHENIA ROSSII",239,68
"37535",37535,"Elephant Island",2018,"NOTOTHENIA ROSSII",239,71
"37536",37536,"Elephant Island",2018,"NOTOTHENIA ROSSII",239,67
"37537",37537,"Elephant Island",2018,"NOTOTHENIA ROSSII",239,77
"37538",37538,"Elephant Island",2018,"NOTOTHENIA ROSSII",239,70
"37539",37539,"Elephant Island",2018,"NOTOTHENIA ROSSII",239,77
"37540",37540,"Elephant Island",2018,"NOTOTHENIA ROSSII",239,71
"37541",37541,"Elephant Island",2018,"NOTOTHENIA ROSSII",239,63
"37542",37542,"Elephant Island",2018,"NOTOTHENIA ROSSII",239,41
"37543",37543,"Elephant Island",2018,"NOTOTHENIA ROSSII",239,48
"37544",37544,"Elephant Island",2018,"NOTOTHENIA ROSSII",239,62
"37545",37545,"Elephant Island",2018,"NOTOTHENIA ROSSII",239,77
"37546",37546,"Elephant Island",2018,"CHAENOCEPHALUS ACERATUS",239,61
"37547",37547,"Elephant Island",2018,"CHAENOCEPHALUS ACERATUS",239,56
"37548",37548,"Elephant Island",2018,"CHAENOCEPHALUS ACERATUS",239,56
"37549",37549,"Elephant Island",2018,"CHAENOCEPHALUS ACERATUS",239,62
"37550",37550,"Elephant Island",2018,"CHAENOCEPHALUS ACERATUS",239,64
"37551",37551,"Elephant Island",2018,"CHAENOCEPHALUS ACERATUS",239,68
"37552",37552,"Elephant Island",2018,"CHAENOCEPHALUS ACERATUS",239,45
"37553",37553,"Elephant Island",2018,"CHAENOCEPHALUS ACERATUS",239,50
"37554",37554,"Elephant Island",2018,"CHAENOCEPHALUS ACERATUS",239,55
"37555",37555,"Elephant Island",2018,"CHAENOCEPHALUS ACERATUS",239,59
"37556",37556,"Elephant Island",2018,"CHAENOCEPHALUS ACERATUS",239,55
"37557",37557,"Elephant Island",2018,"CHAENOCEPHALUS ACERATUS",239,47
"37558",37558,"Elephant Island",2018,"CHAENOCEPHALUS ACERATUS",239,60
"37559",37559,"Elephant Island",2018,"CHAENOCEPHALUS ACERATUS",239,63
"37560",37560,"Elephant Island",2018,"CHAENOCEPHALUS ACERATUS",239,42
"37561",37561,"Elephant Island",2018,"CHAENOCEPHALUS ACERATUS",239,52
"37562",37562,"Elephant Island",2018,"CHAENOCEPHALUS ACERATUS",239,57
"37563",37563,"Elephant Island",2018,"CHAENOCEPHALUS ACERATUS",239,50
"37564",37564,"Elephant Island",2018,"CHAENOCEPHALUS ACERATUS",239,51
"37565",37565,"Elephant Island",2018,"CHAENOCEPHALUS ACERATUS",239,64
"37566",37566,"Elephant Island",2018,"CHAENOCEPHALUS ACERATUS",239,52
"37567",37567,"Elephant Island",2018,"CHAENOCEPHALUS ACERATUS",239,46
"37568",37568,"Elephant Island",2018,"CHAENOCEPHALUS ACERATUS",239,58
"37569",37569,"Elephant Island",2018,"CHAENOCEPHALUS ACERATUS",239,46
"37570",37570,"Elephant Island",2018,"CHAENOCEPHALUS ACERATUS",239,56
"37571",37571,"Elephant Island",2018,"CHAENOCEPHALUS ACERATUS",239,47
"37572",37572,"Elephant Island",2018,"CHAENOCEPHALUS ACERATUS",239,50
"37573",37573,"Elephant Island",2018,"CHAENOCEPHALUS ACERATUS",239,58
"37574",37574,"Elephant Island",2018,"CHAENOCEPHALUS ACERATUS",239,54
"37575",37575,"Elephant Island",2018,"CHAENOCEPHALUS ACERATUS",239,57
"37576",37576,"Elephant Island",2018,"GOBIONOTOTHEN GIBBERIFRONS",239,34
"37577",37577,"Elephant Island",2018,"GOBIONOTOTHEN GIBBERIFRONS",239,35
"37578",37578,"Elephant Island",2018,"GOBIONOTOTHEN GIBBERIFRONS",239,33
"37579",37579,"Elephant Island",2018,"GOBIONOTOTHEN GIBBERIFRONS",239,33
"37580",37580,"Elephant Island",2018,"GOBIONOTOTHEN GIBBERIFRONS",239,34
"37581",37581,"Elephant Island",2018,"GOBIONOTOTHEN GIBBERIFRONS",239,33
"37582",37582,"Elephant Island",2018,"GOBIONOTOTHEN GIBBERIFRONS",239,34
"37583",37583,"Elephant Island",2018,"GOBIONOTOTHEN GIBBERIFRONS",239,35
"37584",37584,"Elephant Island",2018,"GOBIONOTOTHEN GIBBERIFRONS",239,34
"37585",37585,"Elephant Island",2018,"GOBIONOTOTHEN GIBBERIFRONS",239,33
"37586",37586,"Elephant Island",2018,"GOBIONOTOTHEN GIBBERIFRONS",239,32
"37587",37587,"Elephant Island",2018,"LEPIDONOTOTHEN NUDIFRONS",239,20
"37588",37588,"Elephant Island",2018,"CHIONODRACO RASTROSPINOSUS",177.5,38
"37589",37589,"Elephant Island",2018,"CHIONODRACO RASTROSPINOSUS",177.5,30
"37590",37590,"Elephant Island",2018,"GOBIONOTOTHEN GIBBERIFRONS",177.5,33
"37591",37591,"Elephant Island",2018,"GOBIONOTOTHEN GIBBERIFRONS",177.5,32
"37592",37592,"Elephant Island",2018,"GOBIONOTOTHEN GIBBERIFRONS",177.5,34
"37593",37593,"Elephant Island",2018,"LEPIDONOTOTHEN LARSENI",177.5,17
"37594",37594,"Elephant Island",2018,"LEPIDONOTOTHEN LARSENI",177.5,16
"37595",37595,"Elephant Island",2018,"LEPIDONOTOTHEN LARSENI",177.5,14
"37596",37596,"Elephant Island",2018,"LEPIDONOTOTHEN LARSENI",177.5,16
"37597",37597,"Elephant Island",2018,"LEPIDONOTOTHEN LARSENI",177.5,14
"37598",37598,"Elephant Island",2018,"LEPIDONOTOTHEN LARSENI",177.5,16
"37599",37599,"Elephant Island",2018,"LEPIDONOTOTHEN LARSENI",177.5,18
"37600",37600,"Elephant Island",2018,"LEPIDONOTOTHEN NUDIFRONS",177.5,12
"37601",37601,"Elephant Island",2018,"LEPIDONOTOTHEN NUDIFRONS",177.5,15
"37602",37602,"Elephant Island",2018,"LEPIDONOTOTHEN NUDIFRONS",177.5,25
"37603",37603,"Elephant Island",2018,"NOTOTHENIA ROSSII",177.5,63
"37604",37604,"Elephant Island",2018,"NOTOTHENIA ROSSII",177.5,73
"37605",37605,"Elephant Island",2018,"CHAENOCEPHALUS ACERATUS",177.5,46
"37606",37606,"Elephant Island",2018,"CHAENOCEPHALUS ACERATUS",177.5,44
"37607",37607,"Elephant Island",2018,"CHAENOCEPHALUS ACERATUS",177.5,59
"37608",37608,"Elephant Island",2018,"CHAENOCEPHALUS ACERATUS",177.5,41
"37609",37609,"Elephant Island",2018,"CHAENOCEPHALUS ACERATUS",177.5,38
"37610",37610,"Elephant Island",2018,"CHAENOCEPHALUS ACERATUS",177.5,39
"37611",37611,"Elephant Island",2018,"CHAENOCEPHALUS ACERATUS",177.5,63
"37612",37612,"Elephant Island",2018,"CHAENOCEPHALUS ACERATUS",177.5,41
"37613",37613,"Elephant Island",2018,"CHAENOCEPHALUS ACERATUS",177.5,40
"37614",37614,"Elephant Island",2018,"CHAENOCEPHALUS ACERATUS",177.5,37
"37615",37615,"Elephant Island",2018,"CHAENOCEPHALUS ACERATUS",177.5,40
"37616",37616,"Elephant Island",2018,"CHAENOCEPHALUS ACERATUS",177.5,41
"37617",37617,"Elephant Island",2018,"CHAENOCEPHALUS ACERATUS",177.5,36
"37618",37618,"Elephant Island",2018,"CHAENOCEPHALUS ACERATUS",177.5,40
"37619",37619,"Elephant Island",2018,"CHAENOCEPHALUS ACERATUS",177.5,30
"37620",37620,"Elephant Island",2018,"CHAMPSOCEPHALUS GUNNARI",177.5,38
"37621",37621,"Elephant Island",2018,"CHAMPSOCEPHALUS GUNNARI",177.5,44
"37622",37622,"Elephant Island",2018,"CHAMPSOCEPHALUS GUNNARI",177.5,33
"37623",37623,"Elephant Island",2018,"CHAMPSOCEPHALUS GUNNARI",177.5,36
"37624",37624,"Elephant Island",2018,"CHAMPSOCEPHALUS GUNNARI",177.5,34
"37625",37625,"Elephant Island",2018,"CHAMPSOCEPHALUS GUNNARI",177.5,35
"37626",37626,"Elephant Island",2018,"CHAMPSOCEPHALUS GUNNARI",177.5,27
"37627",37627,"Elephant Island",2018,"CHAMPSOCEPHALUS GUNNARI",177.5,33
"37628",37628,"Elephant Island",2018,"CHAMPSOCEPHALUS GUNNARI",177.5,34
"37629",37629,"Elephant Island",2018,"CHAMPSOCEPHALUS GUNNARI",177.5,34
"37630",37630,"Elephant Island",2018,"CHAMPSOCEPHALUS GUNNARI",177.5,26
"37631",37631,"Elephant Island",2018,"CHAMPSOCEPHALUS GUNNARI",177.5,34
"37632",37632,"Elephant Island",2018,"CHAMPSOCEPHALUS GUNNARI",177.5,31
"37633",37633,"Elephant Island",2018,"CHAMPSOCEPHALUS GUNNARI",177.5,33
"37634",37634,"Elephant Island",2018,"CHAMPSOCEPHALUS GUNNARI",177.5,35
"37635",37635,"Elephant Island",2018,"CHAMPSOCEPHALUS GUNNARI",177.5,34
"37636",37636,"Elephant Island",2018,"CHAMPSOCEPHALUS GUNNARI",177.5,34
"37637",37637,"Elephant Island",2018,"CHAMPSOCEPHALUS GUNNARI",177.5,35
"37638",37638,"Elephant Island",2018,"CHAMPSOCEPHALUS GUNNARI",177.5,36
"37639",37639,"Elephant Island",2018,"CHAMPSOCEPHALUS GUNNARI",177.5,49
"37640",37640,"Elephant Island",2018,"CHAMPSOCEPHALUS GUNNARI",177.5,36
"37641",37641,"Elephant Island",2018,"CHAMPSOCEPHALUS GUNNARI",177.5,34
"37642",37642,"Elephant Island",2018,"CHAMPSOCEPHALUS GUNNARI",177.5,32
"37643",37643,"Elephant Island",2018,"CHAMPSOCEPHALUS GUNNARI",177.5,34
"37644",37644,"Elephant Island",2018,"CHAMPSOCEPHALUS GUNNARI",177.5,49
"37645",37645,"Elephant Island",2018,"CHAMPSOCEPHALUS GUNNARI",177.5,37
"37646",37646,"Elephant Island",2018,"CHAMPSOCEPHALUS GUNNARI",177.5,51
"37647",37647,"Elephant Island",2018,"CHAMPSOCEPHALUS GUNNARI",177.5,35
"37648",37648,"Elephant Island",2018,"CHAMPSOCEPHALUS GUNNARI",177.5,36
"37649",37649,"Elephant Island",2018,"CHAMPSOCEPHALUS GUNNARI",177.5,33
"37650",37650,"Elephant Island",2018,"CHAMPSOCEPHALUS GUNNARI",177.5,33
"37651",37651,"Elephant Island",2018,"CHAMPSOCEPHALUS GUNNARI",177.5,34
"37652",37652,"Elephant Island",2018,"CHAMPSOCEPHALUS GUNNARI",177.5,35
"37653",37653,"Elephant Island",2018,"CHAMPSOCEPHALUS GUNNARI",177.5,31
"37654",37654,"Elephant Island",2018,"CHAMPSOCEPHALUS GUNNARI",177.5,33
"37655",37655,"Elephant Island",2018,"CHAMPSOCEPHALUS GUNNARI",177.5,29
"37656",37656,"Elephant Island",2018,"CHAMPSOCEPHALUS GUNNARI",177.5,33
"37657",37657,"Elephant Island",2018,"CHAMPSOCEPHALUS GUNNARI",177.5,32
"37658",37658,"Elephant Island",2018,"CHAMPSOCEPHALUS GUNNARI",177.5,35
"37659",37659,"Elephant Island",2018,"CHAMPSOCEPHALUS GUNNARI",177.5,39
"37660",37660,"Elephant Island",2018,"CHAMPSOCEPHALUS GUNNARI",177.5,34
"37661",37661,"Elephant Island",2018,"CHAMPSOCEPHALUS GUNNARI",177.5,34
"37662",37662,"Elephant Island",2018,"CHAMPSOCEPHALUS GUNNARI",177.5,33
"37663",37663,"Elephant Island",2018,"CHAMPSOCEPHALUS GUNNARI",177.5,32
"37664",37664,"Elephant Island",2018,"CHAMPSOCEPHALUS GUNNARI",177.5,33
"37665",37665,"Elephant Island",2018,"CHAMPSOCEPHALUS GUNNARI",177.5,33
"37666",37666,"Elephant Island",2018,"CHAMPSOCEPHALUS GUNNARI",177.5,33
"37667",37667,"Elephant Island",2018,"CHAMPSOCEPHALUS GUNNARI",177.5,33
"37668",37668,"Elephant Island",2018,"CHAMPSOCEPHALUS GUNNARI",177.5,32
"37669",37669,"Elephant Island",2018,"CHAMPSOCEPHALUS GUNNARI",177.5,35
"37670",37670,"Elephant Island",2018,"CHAMPSOCEPHALUS GUNNARI",177.5,34
"37671",37671,"Elephant Island",2018,"CHAMPSOCEPHALUS GUNNARI",177.5,20
"37672",37672,"Elephant Island",2018,"CHAMPSOCEPHALUS GUNNARI",177.5,20
"37673",37673,"Elephant Island",2018,"CHAMPSOCEPHALUS GUNNARI",177.5,18
"37674",37674,"Elephant Island",2018,"CHAMPSOCEPHALUS GUNNARI",177.5,20
"37675",37675,"Elephant Island",2018,"CHAMPSOCEPHALUS GUNNARI",177.5,19
"37676",37676,"Elephant Island",2018,"CHAMPSOCEPHALUS GUNNARI",177.5,22
"37677",37677,"Elephant Island",2018,"CHAMPSOCEPHALUS GUNNARI",177.5,20
"37678",37678,"Elephant Island",2018,"CHAMPSOCEPHALUS GUNNARI",177.5,24
"37679",37679,"Elephant Island",2018,"CHAMPSOCEPHALUS GUNNARI",177.5,25
"37680",37680,"Elephant Island",2018,"CHAENOCEPHALUS ACERATUS",152.5,46
"37681",37681,"Elephant Island",2018,"CHAENOCEPHALUS ACERATUS",152.5,48
"37682",37682,"Elephant Island",2018,"CHAENOCEPHALUS ACERATUS",152.5,43
"37683",37683,"Elephant Island",2018,"DISSOSTICHUS MAWSONI",152.5,25
"37684",37684,"Elephant Island",2018,"DISSOSTICHUS MAWSONI",152.5,24
"37685",37685,"Elephant Island",2018,"LEPIDONOTOTHEN NUDIFRONS",152.5,19
"37686",37686,"Elephant Island",2018,"LEPIDONOTOTHEN LARSENI",152.5,18
"37687",37687,"Elephant Island",2018,"LEPIDONOTOTHEN LARSENI",152.5,17
"37688",37688,"Elephant Island",2018,"LEPIDONOTOTHEN LARSENI",152.5,14
"37689",37689,"Elephant Island",2018,"LEPIDONOTOTHEN LARSENI",152.5,16
"37690",37690,"Elephant Island",2018,"LEPIDONOTOTHEN LARSENI",152.5,15
"37691",37691,"Elephant Island",2018,"NOTOTHENIA CORIICEPS",152.5,46
"37692",37692,"Elephant Island",2018,"NOTOTHENIA ROSSII",152.5,44
"37693",37693,"Elephant Island",2018,"NOTOTHENIA ROSSII",152.5,67
"37694",37694,"Elephant Island",2018,"CRYODRACO ANTARCTICUS",152.5,15
"37695",37695,"Elephant Island",2018,"CRYODRACO ANTARCTICUS",152.5,20
"37696",37696,"Elephant Island",2018,"CRYODRACO ANTARCTICUS",152.5,23
"37697",37697,"Elephant Island",2018,"CRYODRACO ANTARCTICUS",152.5,19
"37698",37698,"Elephant Island",2018,"CRYODRACO ANTARCTICUS",152.5,22
"37699",37699,"Elephant Island",2018,"CRYODRACO ANTARCTICUS",152.5,23
"37700",37700,"Elephant Island",2018,"CHAMPSOCEPHALUS GUNNARI",152.5,33
"37701",37701,"Elephant Island",2018,"CHAMPSOCEPHALUS GUNNARI",152.5,36
"37702",37702,"Elephant Island",2018,"CHAMPSOCEPHALUS GUNNARI",152.5,35
"37703",37703,"Elephant Island",2018,"CHAMPSOCEPHALUS GUNNARI",152.5,35
"37704",37704,"Elephant Island",2018,"CHAMPSOCEPHALUS GUNNARI",152.5,33
"37705",37705,"Elephant Island",2018,"CHAMPSOCEPHALUS GUNNARI",152.5,34
"37706",37706,"Elephant Island",2018,"CHAMPSOCEPHALUS GUNNARI",152.5,34
"37707",37707,"Elephant Island",2018,"CHAMPSOCEPHALUS GUNNARI",152.5,35
"37708",37708,"Elephant Island",2018,"CHAMPSOCEPHALUS GUNNARI",152.5,36
"37709",37709,"Elephant Island",2018,"CHAMPSOCEPHALUS GUNNARI",152.5,32
"37710",37710,"Elephant Island",2018,"CHAMPSOCEPHALUS GUNNARI",152.5,34
"37711",37711,"Elephant Island",2018,"CHAMPSOCEPHALUS GUNNARI",152.5,31
"37712",37712,"Elephant Island",2018,"CHAMPSOCEPHALUS GUNNARI",152.5,34
"37713",37713,"Elephant Island",2018,"CHAMPSOCEPHALUS GUNNARI",152.5,33
"37714",37714,"Elephant Island",2018,"CHAMPSOCEPHALUS GUNNARI",152.5,27
"37715",37715,"Elephant Island",2018,"CHAMPSOCEPHALUS GUNNARI",152.5,33
"37716",37716,"Elephant Island",2018,"CHAMPSOCEPHALUS GUNNARI",152.5,32
"37717",37717,"Elephant Island",2018,"CHAMPSOCEPHALUS GUNNARI",152.5,27
"37718",37718,"Elephant Island",2018,"CHAMPSOCEPHALUS GUNNARI",152.5,36
"37719",37719,"Elephant Island",2018,"CHAMPSOCEPHALUS GUNNARI",152.5,33
"37720",37720,"Elephant Island",2018,"CHAMPSOCEPHALUS GUNNARI",152.5,39
"37721",37721,"Elephant Island",2018,"CHAMPSOCEPHALUS GUNNARI",152.5,33
"37722",37722,"Elephant Island",2018,"CHAMPSOCEPHALUS GUNNARI",152.5,34
"37723",37723,"Elephant Island",2018,"CHAMPSOCEPHALUS GUNNARI",152.5,34
"37724",37724,"Elephant Island",2018,"CHAMPSOCEPHALUS GUNNARI",152.5,35
"37725",37725,"Elephant Island",2018,"CHAMPSOCEPHALUS GUNNARI",152.5,33
"37726",37726,"Elephant Island",2018,"CHAMPSOCEPHALUS GUNNARI",152.5,32
"37727",37727,"Elephant Island",2018,"CHAMPSOCEPHALUS GUNNARI",152.5,32
"37728",37728,"Elephant Island",2018,"CHAMPSOCEPHALUS GUNNARI",152.5,34
"37729",37729,"Elephant Island",2018,"CHAMPSOCEPHALUS GUNNARI",152.5,32
"37730",37730,"Elephant Island",2018,"CHAMPSOCEPHALUS GUNNARI",152.5,27
"37731",37731,"Elephant Island",2018,"CHAMPSOCEPHALUS GUNNARI",152.5,33
"37732",37732,"Elephant Island",2018,"CHAMPSOCEPHALUS GUNNARI",152.5,32
"37733",37733,"Elephant Island",2018,"CHAMPSOCEPHALUS GUNNARI",152.5,34
"37734",37734,"Elephant Island",2018,"CHAMPSOCEPHALUS GUNNARI",152.5,26
"37735",37735,"Elephant Island",2018,"CHAMPSOCEPHALUS GUNNARI",152.5,34
"37736",37736,"Elephant Island",2018,"CHAMPSOCEPHALUS GUNNARI",152.5,35
"37737",37737,"Elephant Island",2018,"CHAMPSOCEPHALUS GUNNARI",152.5,31
"37738",37738,"Elephant Island",2018,"CHAMPSOCEPHALUS GUNNARI",152.5,35
"37739",37739,"Elephant Island",2018,"CHAMPSOCEPHALUS GUNNARI",152.5,35
"37740",37740,"Elephant Island",2018,"CHAMPSOCEPHALUS GUNNARI",152.5,33
"37741",37741,"Elephant Island",2018,"CHAMPSOCEPHALUS GUNNARI",152.5,32
"37742",37742,"Elephant Island",2018,"CHAMPSOCEPHALUS GUNNARI",152.5,29
"37743",37743,"Elephant Island",2018,"CHAMPSOCEPHALUS GUNNARI",152.5,27
"37744",37744,"Elephant Island",2018,"CHAMPSOCEPHALUS GUNNARI",152.5,34
"37745",37745,"Elephant Island",2018,"CHAMPSOCEPHALUS GUNNARI",152.5,27
"37746",37746,"Elephant Island",2018,"CHAMPSOCEPHALUS GUNNARI",152.5,35
"37747",37747,"Elephant Island",2018,"CHAMPSOCEPHALUS GUNNARI",152.5,26
"37748",37748,"Elephant Island",2018,"CHAMPSOCEPHALUS GUNNARI",152.5,51
"37749",37749,"Elephant Island",2018,"CHAMPSOCEPHALUS GUNNARI",152.5,35
"37750",37750,"Elephant Island",2018,"CHAMPSOCEPHALUS GUNNARI",152.5,34
"37751",37751,"Elephant Island",2018,"CHAMPSOCEPHALUS GUNNARI",152.5,32
"37752",37752,"Elephant Island",2018,"CHAMPSOCEPHALUS GUNNARI",152.5,34
"37753",37753,"Elephant Island",2018,"CHAMPSOCEPHALUS GUNNARI",152.5,37
"37754",37754,"Elephant Island",2018,"CHAMPSOCEPHALUS GUNNARI",152.5,34
"37755",37755,"Elephant Island",2018,"CHAMPSOCEPHALUS GUNNARI",152.5,34
"37756",37756,"Elephant Island",2018,"CHAMPSOCEPHALUS GUNNARI",152.5,46
"37757",37757,"Elephant Island",2018,"CHAMPSOCEPHALUS GUNNARI",152.5,34
"37758",37758,"Elephant Island",2018,"CHAMPSOCEPHALUS GUNNARI",152.5,34
"37759",37759,"Elephant Island",2018,"CHAMPSOCEPHALUS GUNNARI",152.5,18
"37760",37760,"Elephant Island",2018,"CHAENOCEPHALUS ACERATUS",123,50
"37761",37761,"Elephant Island",2018,"GOBIONOTOTHEN GIBBERIFRONS",123,48
"37762",37762,"Elephant Island",2018,"NOTOTHENIA CORIICEPS",123,49
"37763",37763,"Elephant Island",2018,"LEPIDONOTOTHEN NUDIFRONS",123,14
"37764",37764,"Elephant Island",2018,"LEPIDONOTOTHEN NUDIFRONS",123,13
"37765",37765,"Elephant Island",2018,"CRYODRACO ANTARCTICUS",123,23
"37766",37766,"Elephant Island",2018,"CRYODRACO ANTARCTICUS",123,22
"37767",37767,"Elephant Island",2018,"CHAMPSOCEPHALUS GUNNARI",123,44
"37768",37768,"Elephant Island",2018,"CHAMPSOCEPHALUS GUNNARI",123,32
"37769",37769,"Elephant Island",2018,"CHAMPSOCEPHALUS GUNNARI",123,36
"37770",37770,"Elephant Island",2018,"CHAMPSOCEPHALUS GUNNARI",123,37
"37771",37771,"Elephant Island",2018,"CHAMPSOCEPHALUS GUNNARI",123,36
"37772",37772,"Elephant Island",2018,"CHAMPSOCEPHALUS GUNNARI",123,38
"37773",37773,"Elephant Island",2018,"CHAMPSOCEPHALUS GUNNARI",123,32
"37774",37774,"Elephant Island",2018,"CHAMPSOCEPHALUS GUNNARI",123,32
"37775",37775,"Elephant Island",2018,"CHAMPSOCEPHALUS GUNNARI",123,33
"37776",37776,"Elephant Island",2018,"CHAMPSOCEPHALUS GUNNARI",123,29
"37777",37777,"Elephant Island",2018,"CHAMPSOCEPHALUS GUNNARI",123,30
"37778",37778,"Elephant Island",2018,"CHAMPSOCEPHALUS GUNNARI",123,32
"37779",37779,"Elephant Island",2018,"CHAMPSOCEPHALUS GUNNARI",123,34
"37780",37780,"Elephant Island",2018,"CHAMPSOCEPHALUS GUNNARI",123,33
"37781",37781,"Elephant Island",2018,"CHAMPSOCEPHALUS GUNNARI",123,34
"37782",37782,"Elephant Island",2018,"CHAMPSOCEPHALUS GUNNARI",123,36
"37783",37783,"Elephant Island",2018,"CHAMPSOCEPHALUS GUNNARI",123,33
"37784",37784,"Elephant Island",2018,"CHAMPSOCEPHALUS GUNNARI",123,33
"37785",37785,"Elephant Island",2018,"CHAMPSOCEPHALUS GUNNARI",123,31
"37786",37786,"Elephant Island",2018,"CHAMPSOCEPHALUS GUNNARI",123,27
"37787",37787,"Elephant Island",2018,"CHAMPSOCEPHALUS GUNNARI",123,33
"37788",37788,"Elephant Island",2018,"CHAMPSOCEPHALUS GUNNARI",123,27
"37789",37789,"Elephant Island",2018,"CHAMPSOCEPHALUS GUNNARI",123,28
"37790",37790,"Elephant Island",2018,"CHAMPSOCEPHALUS GUNNARI",123,26
"37791",37791,"Elephant Island",2018,"CHAMPSOCEPHALUS GUNNARI",123,25
"37792",37792,"Elephant Island",2018,"CHAMPSOCEPHALUS GUNNARI",123,27
"37793",37793,"Elephant Island",2018,"CHAMPSOCEPHALUS GUNNARI",123,20
"37794",37794,"Elephant Island",2018,"CHAMPSOCEPHALUS GUNNARI",123,29
"37795",37795,"Elephant Island",2018,"CHAMPSOCEPHALUS GUNNARI",123,27
"37796",37796,"Elephant Island",2018,"CHAMPSOCEPHALUS GUNNARI",123,20
"37797",37797,"Elephant Island",2018,"CHAMPSOCEPHALUS GUNNARI",123,44
"37798",37798,"Elephant Island",2018,"CHAMPSOCEPHALUS GUNNARI",123,32
"37799",37799,"Elephant Island",2018,"CHAMPSOCEPHALUS GUNNARI",123,33
"37800",37800,"Elephant Island",2018,"CHAMPSOCEPHALUS GUNNARI",123,32
"37801",37801,"Elephant Island",2018,"CHAMPSOCEPHALUS GUNNARI",123,35
"37802",37802,"Elephant Island",2018,"CHAMPSOCEPHALUS GUNNARI",123,27
"37803",37803,"Elephant Island",2018,"CHAMPSOCEPHALUS GUNNARI",123,29
"37804",37804,"Elephant Island",2018,"CHAMPSOCEPHALUS GUNNARI",123,33
"37805",37805,"Elephant Island",2018,"CHAMPSOCEPHALUS GUNNARI",123,29
"37806",37806,"Elephant Island",2018,"CHAMPSOCEPHALUS GUNNARI",123,31
"37807",37807,"Elephant Island",2018,"CHAMPSOCEPHALUS GUNNARI",123,24
"37808",37808,"Elephant Island",2018,"CHAMPSOCEPHALUS GUNNARI",123,34
"37809",37809,"Elephant Island",2018,"CHAMPSOCEPHALUS GUNNARI",123,35
"37810",37810,"Elephant Island",2018,"CHAMPSOCEPHALUS GUNNARI",123,33
"37811",37811,"Elephant Island",2018,"CHAMPSOCEPHALUS GUNNARI",123,30
"37812",37812,"Elephant Island",2018,"CHAMPSOCEPHALUS GUNNARI",123,34
"37813",37813,"Elephant Island",2018,"CHAMPSOCEPHALUS GUNNARI",123,37
"37814",37814,"Elephant Island",2018,"CHAMPSOCEPHALUS GUNNARI",123,35
"37815",37815,"Elephant Island",2018,"CHAMPSOCEPHALUS GUNNARI",123,33
"37816",37816,"Elephant Island",2018,"CHAMPSOCEPHALUS GUNNARI",123,36
"37817",37817,"Elephant Island",2018,"CHAMPSOCEPHALUS GUNNARI",123,33
"37818",37818,"Elephant Island",2018,"CHAMPSOCEPHALUS GUNNARI",123,33
"37819",37819,"Elephant Island",2018,"CHAMPSOCEPHALUS GUNNARI",123,31
"37820",37820,"Elephant Island",2018,"CHAMPSOCEPHALUS GUNNARI",123,34
"37821",37821,"Elephant Island",2018,"CHAMPSOCEPHALUS GUNNARI",123,37
"37822",37822,"Elephant Island",2018,"CHAMPSOCEPHALUS GUNNARI",123,32
"37823",37823,"Elephant Island",2018,"CHAMPSOCEPHALUS GUNNARI",123,33
"37824",37824,"Elephant Island",2018,"CHAMPSOCEPHALUS GUNNARI",123,26
"37825",37825,"Elephant Island",2018,"CHAMPSOCEPHALUS GUNNARI",123,27
"37826",37826,"Elephant Island",2018,"CHAMPSOCEPHALUS GUNNARI",123,18
"37827",37827,"Elephant Island",2018,"NOTOTHENIA CORIICEPS",93.5,42
"37828",37828,"Elephant Island",2018,"NOTOTHENIA CORIICEPS",93.5,32
"37829",37829,"Elephant Island",2018,"NOTOTHENIA CORIICEPS",93.5,46
"37830",37830,"Elephant Island",2018,"PARACHAENICHTHYS CHARCOTI",93.5,20
"37831",37831,"Elephant Island",2018,"NOTOTHENIA ROSSII",93.5,33
"37832",37832,"Elephant Island",2018,"NOTOTHENIA ROSSII",93.5,27
"37833",37833,"Elephant Island",2018,"NOTOTHENIA ROSSII",93.5,25
"37834",37834,"Elephant Island",2018,"NOTOTHENIA ROSSII",93.5,25
"37835",37835,"Elephant Island",2018,"NOTOTHENIA ROSSII",93.5,32
"37836",37836,"Elephant Island",2018,"NOTOTHENIA ROSSII",93.5,35
"37837",37837,"Elephant Island",2018,"NOTOTHENIA ROSSII",93.5,25
"37838",37838,"Elephant Island",2018,"NOTOTHENIA ROSSII",93.5,31
"37839",37839,"Elephant Island",2018,"NOTOTHENIA ROSSII",93.5,23
"37840",37840,"Elephant Island",2018,"NOTOTHENIA ROSSII",93.5,25
"37841",37841,"Elephant Island",2018,"NOTOTHENIA ROSSII",93.5,55
"37842",37842,"Elephant Island",2018,"NOTOTHENIA CORIICEPS",96,41
"37843",37843,"Elephant Island",2018,"NOTOTHENIA CORIICEPS",96,41
"37844",37844,"Elephant Island",2018,"NOTOTHENIA CORIICEPS",96,46
"37845",37845,"Elephant Island",2018,"NOTOTHENIA CORIICEPS",96,54
"37846",37846,"Elephant Island",2018,"NOTOTHENIA CORIICEPS",96,48
"37847",37847,"Elephant Island",2018,"NOTOTHENIA CORIICEPS",96,54
"37848",37848,"Elephant Island",2018,"NOTOTHENIA CORIICEPS",96,41
"37849",37849,"Elephant Island",2018,"NOTOTHENIA CORIICEPS",96,40
"37850",37850,"Elephant Island",2018,"NOTOTHENIA CORIICEPS",96,43
"37851",37851,"Elephant Island",2018,"NOTOTHENIA CORIICEPS",96,42
"37852",37852,"Elephant Island",2018,"NOTOTHENIA CORIICEPS",96,40
"37853",37853,"Elephant Island",2018,"NOTOTHENIA CORIICEPS",96,41
"37854",37854,"Elephant Island",2018,"NOTOTHENIA CORIICEPS",96,41
"37855",37855,"Elephant Island",2018,"NOTOTHENIA CORIICEPS",96,44
"37856",37856,"Elephant Island",2018,"NOTOTHENIA CORIICEPS",96,45
"37857",37857,"Elephant Island",2018,"NOTOTHENIA CORIICEPS",96,44
"37858",37858,"Elephant Island",2018,"NOTOTHENIA CORIICEPS",96,53
"37859",37859,"Elephant Island",2018,"NOTOTHENIA CORIICEPS",96,43
"37860",37860,"Elephant Island",2018,"NOTOTHENIA CORIICEPS",96,41
"37861",37861,"Elephant Island",2018,"NOTOTHENIA CORIICEPS",96,40
"37862",37862,"Elephant Island",2018,"NOTOTHENIA CORIICEPS",96,38
"37863",37863,"Elephant Island",2018,"NOTOTHENIA CORIICEPS",96,44
"37864",37864,"Elephant Island",2018,"NOTOTHENIA CORIICEPS",96,37
"37865",37865,"Elephant Island",2018,"NOTOTHENIA CORIICEPS",96,41
"37866",37866,"Elephant Island",2018,"CHAENOCEPHALUS ACERATUS",96,47
"37867",37867,"Elephant Island",2018,"CHAENOCEPHALUS ACERATUS",96,59
"37868",37868,"Elephant Island",2018,"CHAMPSOCEPHALUS GUNNARI",96,27
"37869",37869,"Elephant Island",2018,"CHAMPSOCEPHALUS GUNNARI",96,27
"37870",37870,"Elephant Island",2018,"CHAMPSOCEPHALUS GUNNARI",96,23
"37871",37871,"Elephant Island",2018,"CHAMPSOCEPHALUS GUNNARI",96,31
"37872",37872,"Elephant Island",2018,"CHAMPSOCEPHALUS GUNNARI",96,19
"37873",37873,"Elephant Island",2018,"GOBIONOTOTHEN ACUTA",96,23
"37874",37874,"Elephant Island",2018,"LEPIDONOTOTHEN LARSENI",96,18
"37875",37875,"Elephant Island",2018,"LEPIDONOTOTHEN LARSENI",96,12
"37876",37876,"Elephant Island",2018,"LEPIDONOTOTHEN LARSENI",96,13
"37877",37877,"Elephant Island",2018,"PARACHAENICHTHYS CHARCOTI",96,24
"37878",37878,"Elephant Island",2018,"PARACHAENICHTHYS CHARCOTI",96,17
"37879",37879,"Elephant Island",2018,"CHAMPSOCEPHALUS GUNNARI",367.5,53
"37880",37880,"Elephant Island",2018,"CHAMPSOCEPHALUS GUNNARI",367.5,48
"37881",37881,"Elephant Island",2018,"CHAMPSOCEPHALUS GUNNARI",367.5,44
"37882",37882,"Elephant Island",2018,"CHAMPSOCEPHALUS GUNNARI",367.5,49
"37883",37883,"Elephant Island",2018,"CHAMPSOCEPHALUS GUNNARI",367.5,49
"37884",37884,"Elephant Island",2018,"CHAMPSOCEPHALUS GUNNARI",367.5,49
"37885",37885,"Elephant Island",2018,"CHAMPSOCEPHALUS GUNNARI",367.5,50
"37886",37886,"Elephant Island",2018,"CHAMPSOCEPHALUS GUNNARI",367.5,46
"37887",37887,"Elephant Island",2018,"CHAMPSOCEPHALUS GUNNARI",367.5,44
"37888",37888,"Elephant Island",2018,"CHAMPSOCEPHALUS GUNNARI",367.5,32
"37889",37889,"Elephant Island",2018,"CHAMPSOCEPHALUS GUNNARI",367.5,51
"37890",37890,"Elephant Island",2018,"CHAMPSOCEPHALUS GUNNARI",367.5,49
"37891",37891,"Elephant Island",2018,"CHAMPSOCEPHALUS GUNNARI",367.5,50
"37892",37892,"Elephant Island",2018,"CHAMPSOCEPHALUS GUNNARI",367.5,46
"37893",37893,"Elephant Island",2018,"CHAMPSOCEPHALUS GUNNARI",367.5,49
"37894",37894,"Elephant Island",2018,"CHAMPSOCEPHALUS GUNNARI",367.5,47
"37895",37895,"Elephant Island",2018,"CHAMPSOCEPHALUS GUNNARI",367.5,50
"37896",37896,"Elephant Island",2018,"CHAMPSOCEPHALUS GUNNARI",367.5,49
"37897",37897,"Elephant Island",2018,"CHAMPSOCEPHALUS GUNNARI",367.5,46
"37898",37898,"Elephant Island",2018,"CHAMPSOCEPHALUS GUNNARI",367.5,47
"37899",37899,"Elephant Island",2018,"CHAENOCEPHALUS ACERATUS",367.5,45
"37900",37900,"Elephant Island",2018,"CHAENOCEPHALUS ACERATUS",367.5,59
"37901",37901,"Elephant Island",2018,"CHAENOCEPHALUS ACERATUS",367.5,45
"37902",37902,"Elephant Island",2018,"CHAENOCEPHALUS ACERATUS",367.5,50
"37903",37903,"Elephant Island",2018,"CHAENOCEPHALUS ACERATUS",367.5,55
"37904",37904,"Elephant Island",2018,"CHAENOCEPHALUS ACERATUS",367.5,49
"37905",37905,"Elephant Island",2018,"LEPIDONOTOTHEN LARSENI",367.5,22
"37906",37906,"Elephant Island",2018,"LEPIDONOTOTHEN LARSENI",367.5,21
"37907",37907,"Elephant Island",2018,"LEPIDONOTOTHEN LARSENI",367.5,18
"37908",37908,"Elephant Island",2018,"CHIONODRACO RASTROSPINOSUS",367.5,32
"37909",37909,"Elephant Island",2018,"CHIONODRACO RASTROSPINOSUS",367.5,32
"37910",37910,"Elephant Island",2018,"CHIONODRACO RASTROSPINOSUS",367.5,34
"37911",37911,"Elephant Island",2018,"CHIONODRACO RASTROSPINOSUS",367.5,31
"37912",37912,"Elephant Island",2018,"NOTOTHENIA ROSSII",367.5,70
"37913",37913,"Elephant Island",2018,"NOTOTHENIA ROSSII",367.5,72
"37914",37914,"Elephant Island",2018,"NOTOTHENIA ROSSII",367.5,53
"37915",37915,"Elephant Island",2018,"NOTOTHENIA ROSSII",367.5,62
"37916",37916,"Elephant Island",2018,"NOTOTHENIA ROSSII",367.5,56
"37917",37917,"Elephant Island",2018,"CHIONODRACO RASTROSPINOSUS",367.5,36
"37918",37918,"Elephant Island",2018,"CHIONODRACO RASTROSPINOSUS",367.5,35
"37919",37919,"Elephant Island",2018,"CHAMPSOCEPHALUS GUNNARI",330,29
"37920",37920,"Elephant Island",2018,"CHAMPSOCEPHALUS GUNNARI",330,33
"37921",37921,"Elephant Island",2018,"CHAMPSOCEPHALUS GUNNARI",330,33
"37922",37922,"Elephant Island",2018,"CHAMPSOCEPHALUS GUNNARI",330,34
"37923",37923,"Elephant Island",2018,"CHAMPSOCEPHALUS GUNNARI",330,32
"37924",37924,"Elephant Island",2018,"CHAMPSOCEPHALUS GUNNARI",330,34
"37925",37925,"Elephant Island",2018,"CHAMPSOCEPHALUS GUNNARI",330,33
"37926",37926,"Elephant Island",2018,"CHAMPSOCEPHALUS GUNNARI",330,34
"37927",37927,"Elephant Island",2018,"CHAMPSOCEPHALUS GUNNARI",330,34
"37928",37928,"Elephant Island",2018,"CHAMPSOCEPHALUS GUNNARI",330,32
"37929",37929,"Elephant Island",2018,"CHAMPSOCEPHALUS GUNNARI",330,36
"37930",37930,"Elephant Island",2018,"CHAMPSOCEPHALUS GUNNARI",330,34
"37931",37931,"Elephant Island",2018,"CHAMPSOCEPHALUS GUNNARI",330,32
"37932",37932,"Elephant Island",2018,"CHAMPSOCEPHALUS GUNNARI",330,34
"37933",37933,"Elephant Island",2018,"CHAMPSOCEPHALUS GUNNARI",330,34
"37934",37934,"Elephant Island",2018,"CHAMPSOCEPHALUS GUNNARI",330,34
"37935",37935,"Elephant Island",2018,"CHAMPSOCEPHALUS GUNNARI",330,34
"37936",37936,"Elephant Island",2018,"CHAMPSOCEPHALUS GUNNARI",330,33
"37937",37937,"Elephant Island",2018,"CHAMPSOCEPHALUS GUNNARI",330,34
"37938",37938,"Elephant Island",2018,"CHAMPSOCEPHALUS GUNNARI",330,33
"37939",37939,"Elephant Island",2018,"CHAMPSOCEPHALUS GUNNARI",330,33
"37940",37940,"Elephant Island",2018,"CHAMPSOCEPHALUS GUNNARI",330,32
"37941",37941,"Elephant Island",2018,"CHAMPSOCEPHALUS GUNNARI",330,32
"37942",37942,"Elephant Island",2018,"CHAMPSOCEPHALUS GUNNARI",330,33
"37943",37943,"Elephant Island",2018,"CHAMPSOCEPHALUS GUNNARI",330,32
"37944",37944,"Elephant Island",2018,"CHAMPSOCEPHALUS GUNNARI",330,32
"37945",37945,"Elephant Island",2018,"CHAMPSOCEPHALUS GUNNARI",330,32
"37946",37946,"Elephant Island",2018,"CHAMPSOCEPHALUS GUNNARI",330,34
"37947",37947,"Elephant Island",2018,"CHAMPSOCEPHALUS GUNNARI",330,31
"37948",37948,"Elephant Island",2018,"CHAMPSOCEPHALUS GUNNARI",330,30
"37949",37949,"Elephant Island",2018,"CHAMPSOCEPHALUS GUNNARI",330,48
"37950",37950,"Elephant Island",2018,"CHAMPSOCEPHALUS GUNNARI",330,34
"37951",37951,"Elephant Island",2018,"CHAMPSOCEPHALUS GUNNARI",330,39
"37952",37952,"Elephant Island",2018,"CHAMPSOCEPHALUS GUNNARI",330,23
"37953",37953,"Elephant Island",2018,"CHAMPSOCEPHALUS GUNNARI",330,32
"37954",37954,"Elephant Island",2018,"CHAMPSOCEPHALUS GUNNARI",330,38
"37955",37955,"Elephant Island",2018,"CHAMPSOCEPHALUS GUNNARI",330,50
"37956",37956,"Elephant Island",2018,"CHAMPSOCEPHALUS GUNNARI",330,32
"37957",37957,"Elephant Island",2018,"CHAMPSOCEPHALUS GUNNARI",330,34
"37958",37958,"Elephant Island",2018,"CHAMPSOCEPHALUS GUNNARI",330,35
"37959",37959,"Elephant Island",2018,"CHAMPSOCEPHALUS GUNNARI",330,34
"37960",37960,"Elephant Island",2018,"CHAMPSOCEPHALUS GUNNARI",330,35
"37961",37961,"Elephant Island",2018,"CHAMPSOCEPHALUS GUNNARI",330,34
"37962",37962,"Elephant Island",2018,"CHAMPSOCEPHALUS GUNNARI",330,49
"37963",37963,"Elephant Island",2018,"CHAMPSOCEPHALUS GUNNARI",330,34
"37964",37964,"Elephant Island",2018,"CHAMPSOCEPHALUS GUNNARI",330,34
"37965",37965,"Elephant Island",2018,"CHAMPSOCEPHALUS GUNNARI",330,35
"37966",37966,"Elephant Island",2018,"CHAMPSOCEPHALUS GUNNARI",330,33
"37967",37967,"Elephant Island",2018,"CHAMPSOCEPHALUS GUNNARI",330,33
"37968",37968,"Elephant Island",2018,"CHAMPSOCEPHALUS GUNNARI",330,30
"37969",37969,"Elephant Island",2018,"CHAMPSOCEPHALUS GUNNARI",330,35
"37970",37970,"Elephant Island",2018,"CHAMPSOCEPHALUS GUNNARI",330,36
"37971",37971,"Elephant Island",2018,"CHAMPSOCEPHALUS GUNNARI",330,33
"37972",37972,"Elephant Island",2018,"CHAMPSOCEPHALUS GUNNARI",330,33
"37973",37973,"Elephant Island",2018,"CHAMPSOCEPHALUS GUNNARI",330,33
"37974",37974,"Elephant Island",2018,"CHAMPSOCEPHALUS GUNNARI",330,34
"37975",37975,"Elephant Island",2018,"CHAMPSOCEPHALUS GUNNARI",330,33
"37976",37976,"Elephant Island",2018,"CHAMPSOCEPHALUS GUNNARI",330,35
"37977",37977,"Elephant Island",2018,"CHAMPSOCEPHALUS GUNNARI",330,31
"37978",37978,"Elephant Island",2018,"CHAMPSOCEPHALUS GUNNARI",330,34
"37979",37979,"Elephant Island",2018,"CHAMPSOCEPHALUS GUNNARI",330,31
"37980",37980,"Elephant Island",2018,"CHAMPSOCEPHALUS GUNNARI",330,34
"37981",37981,"Elephant Island",2018,"CHAMPSOCEPHALUS GUNNARI",330,32
"37982",37982,"Elephant Island",2018,"CHAMPSOCEPHALUS GUNNARI",330,35
"37983",37983,"Elephant Island",2018,"CHAMPSOCEPHALUS GUNNARI",330,30
"37984",37984,"Elephant Island",2018,"CHAMPSOCEPHALUS GUNNARI",330,47
"37985",37985,"Elephant Island",2018,"CHAMPSOCEPHALUS GUNNARI",330,33
"37986",37986,"Elephant Island",2018,"CHAMPSOCEPHALUS GUNNARI",330,33
"37987",37987,"Elephant Island",2018,"CHAMPSOCEPHALUS GUNNARI",330,31
"37988",37988,"Elephant Island",2018,"CHAMPSOCEPHALUS GUNNARI",330,33
"37989",37989,"Elephant Island",2018,"CHAMPSOCEPHALUS GUNNARI",330,51
"37990",37990,"Elephant Island",2018,"CHAMPSOCEPHALUS GUNNARI",330,32
"37991",37991,"Elephant Island",2018,"CHAMPSOCEPHALUS GUNNARI",330,47
"37992",37992,"Elephant Island",2018,"CHAMPSOCEPHALUS GUNNARI",330,31
"37993",37993,"Elephant Island",2018,"CHAMPSOCEPHALUS GUNNARI",330,33
"37994",37994,"Elephant Island",2018,"CHAMPSOCEPHALUS GUNNARI",330,31
"37995",37995,"Elephant Island",2018,"CHAMPSOCEPHALUS GUNNARI",330,33
"37996",37996,"Elephant Island",2018,"CHAMPSOCEPHALUS GUNNARI",330,32
"37997",37997,"Elephant Island",2018,"CHAMPSOCEPHALUS GUNNARI",330,34
"37998",37998,"Elephant Island",2018,"CHAMPSOCEPHALUS GUNNARI",330,36
"37999",37999,"Elephant Island",2018,"CHAMPSOCEPHALUS GUNNARI",330,31
"38000",38000,"Elephant Island",2018,"CHAMPSOCEPHALUS GUNNARI",330,37
"38001",38001,"Elephant Island",2018,"CHAMPSOCEPHALUS GUNNARI",330,34
"38002",38002,"Elephant Island",2018,"CHAMPSOCEPHALUS GUNNARI",330,33
"38003",38003,"Elephant Island",2018,"CHAMPSOCEPHALUS GUNNARI",330,32
"38004",38004,"Elephant Island",2018,"CHAMPSOCEPHALUS GUNNARI",330,30
"38005",38005,"Elephant Island",2018,"CHAMPSOCEPHALUS GUNNARI",330,34
"38006",38006,"Elephant Island",2018,"CHAMPSOCEPHALUS GUNNARI",330,50
"38007",38007,"Elephant Island",2018,"CHAMPSOCEPHALUS GUNNARI",330,33
"38008",38008,"Elephant Island",2018,"CHAMPSOCEPHALUS GUNNARI",330,49
"38009",38009,"Elephant Island",2018,"CHAMPSOCEPHALUS GUNNARI",330,32
"38010",38010,"Elephant Island",2018,"CHAMPSOCEPHALUS GUNNARI",330,32
"38011",38011,"Elephant Island",2018,"CHAMPSOCEPHALUS GUNNARI",330,34
"38012",38012,"Elephant Island",2018,"CHAMPSOCEPHALUS GUNNARI",330,33
"38013",38013,"Elephant Island",2018,"CHAMPSOCEPHALUS GUNNARI",330,31
"38014",38014,"Elephant Island",2018,"CHAMPSOCEPHALUS GUNNARI",330,30
"38015",38015,"Elephant Island",2018,"CHAMPSOCEPHALUS GUNNARI",330,31
"38016",38016,"Elephant Island",2018,"CHAMPSOCEPHALUS GUNNARI",330,51
"38017",38017,"Elephant Island",2018,"CHAMPSOCEPHALUS GUNNARI",330,33
"38018",38018,"Elephant Island",2018,"CHAMPSOCEPHALUS GUNNARI",330,32
"38019",38019,"Elephant Island",2018,"CHAMPSOCEPHALUS GUNNARI",330,32
"38020",38020,"Elephant Island",2018,"CHAMPSOCEPHALUS GUNNARI",330,33
"38021",38021,"Elephant Island",2018,"CHAMPSOCEPHALUS GUNNARI",330,31
"38022",38022,"Elephant Island",2018,"CHAMPSOCEPHALUS GUNNARI",330,47
"38023",38023,"Elephant Island",2018,"CHAMPSOCEPHALUS GUNNARI",330,31
"38024",38024,"Elephant Island",2018,"CHAMPSOCEPHALUS GUNNARI",330,30
"38025",38025,"Elephant Island",2018,"CHAMPSOCEPHALUS GUNNARI",330,31
"38026",38026,"Elephant Island",2018,"CHAMPSOCEPHALUS GUNNARI",330,30
"38027",38027,"Elephant Island",2018,"CHAMPSOCEPHALUS GUNNARI",330,33
"38028",38028,"Elephant Island",2018,"CHAMPSOCEPHALUS GUNNARI",330,31
"38029",38029,"Elephant Island",2018,"CHAMPSOCEPHALUS GUNNARI",330,30
"38030",38030,"Elephant Island",2018,"CHAMPSOCEPHALUS GUNNARI",330,48
"38031",38031,"Elephant Island",2018,"CHAMPSOCEPHALUS GUNNARI",330,34
"38032",38032,"Elephant Island",2018,"CHAMPSOCEPHALUS GUNNARI",330,34
"38033",38033,"Elephant Island",2018,"CHAMPSOCEPHALUS GUNNARI",330,37
"38034",38034,"Elephant Island",2018,"CHAMPSOCEPHALUS GUNNARI",330,31
"38035",38035,"Elephant Island",2018,"CHAMPSOCEPHALUS GUNNARI",330,34
"38036",38036,"Elephant Island",2018,"CHAMPSOCEPHALUS GUNNARI",330,31
"38037",38037,"Elephant Island",2018,"CHAMPSOCEPHALUS GUNNARI",330,32
"38038",38038,"Elephant Island",2018,"CHAMPSOCEPHALUS GUNNARI",330,31
"38039",38039,"Elephant Island",2018,"CHAMPSOCEPHALUS GUNNARI",330,35
"38040",38040,"Elephant Island",2018,"CHAMPSOCEPHALUS GUNNARI",330,33
"38041",38041,"Elephant Island",2018,"CHAMPSOCEPHALUS GUNNARI",330,33
"38042",38042,"Elephant Island",2018,"CHAMPSOCEPHALUS GUNNARI",330,45
"38043",38043,"Elephant Island",2018,"CHAMPSOCEPHALUS GUNNARI",330,36
"38044",38044,"Elephant Island",2018,"CHAMPSOCEPHALUS GUNNARI",330,34
"38045",38045,"Elephant Island",2018,"CHAMPSOCEPHALUS GUNNARI",330,35
"38046",38046,"Elephant Island",2018,"CHAMPSOCEPHALUS GUNNARI",330,34
"38047",38047,"Elephant Island",2018,"CHAMPSOCEPHALUS GUNNARI",330,32
"38048",38048,"Elephant Island",2018,"CHAMPSOCEPHALUS GUNNARI",330,35
"38049",38049,"Elephant Island",2018,"CHAMPSOCEPHALUS GUNNARI",330,35
"38050",38050,"Elephant Island",2018,"CHAMPSOCEPHALUS GUNNARI",330,33
"38051",38051,"Elephant Island",2018,"CHAMPSOCEPHALUS GUNNARI",330,37
"38052",38052,"Elephant Island",2018,"CHAMPSOCEPHALUS GUNNARI",330,34
"38053",38053,"Elephant Island",2018,"CHAMPSOCEPHALUS GUNNARI",330,34
"38054",38054,"Elephant Island",2018,"CHAMPSOCEPHALUS GUNNARI",330,32
"38055",38055,"Elephant Island",2018,"CHAMPSOCEPHALUS GUNNARI",330,35
"38056",38056,"Elephant Island",2018,"CHAMPSOCEPHALUS GUNNARI",330,35
"38057",38057,"Elephant Island",2018,"CHAMPSOCEPHALUS GUNNARI",330,34
"38058",38058,"Elephant Island",2018,"CHAMPSOCEPHALUS GUNNARI",330,36
"38059",38059,"Elephant Island",2018,"CHAMPSOCEPHALUS GUNNARI",330,45
"38060",38060,"Elephant Island",2018,"CHAMPSOCEPHALUS GUNNARI",330,35
"38061",38061,"Elephant Island",2018,"CHAMPSOCEPHALUS GUNNARI",330,34
"38062",38062,"Elephant Island",2018,"CHAMPSOCEPHALUS GUNNARI",330,32
"38063",38063,"Elephant Island",2018,"CHAMPSOCEPHALUS GUNNARI",330,32
"38064",38064,"Elephant Island",2018,"CHAMPSOCEPHALUS GUNNARI",330,34
"38065",38065,"Elephant Island",2018,"CHAMPSOCEPHALUS GUNNARI",330,35
"38066",38066,"Elephant Island",2018,"CHAMPSOCEPHALUS GUNNARI",330,34
"38067",38067,"Elephant Island",2018,"CHAMPSOCEPHALUS GUNNARI",330,34
"38068",38068,"Elephant Island",2018,"CHAMPSOCEPHALUS GUNNARI",330,31
"38069",38069,"Elephant Island",2018,"CHAMPSOCEPHALUS GUNNARI",330,30
"38070",38070,"Elephant Island",2018,"CHAMPSOCEPHALUS GUNNARI",330,31
"38071",38071,"Elephant Island",2018,"CHAMPSOCEPHALUS GUNNARI",330,33
"38072",38072,"Elephant Island",2018,"CHAMPSOCEPHALUS GUNNARI",330,33
"38073",38073,"Elephant Island",2018,"CHAMPSOCEPHALUS GUNNARI",330,33
"38074",38074,"Elephant Island",2018,"CHAMPSOCEPHALUS GUNNARI",330,34
"38075",38075,"Elephant Island",2018,"CHAMPSOCEPHALUS GUNNARI",330,32
"38076",38076,"Elephant Island",2018,"CHAMPSOCEPHALUS GUNNARI",330,35
"38077",38077,"Elephant Island",2018,"CHAMPSOCEPHALUS GUNNARI",330,31
"38078",38078,"Elephant Island",2018,"CHAMPSOCEPHALUS GUNNARI",330,33
"38079",38079,"Elephant Island",2018,"CHAMPSOCEPHALUS GUNNARI",330,34
"38080",38080,"Elephant Island",2018,"CHAMPSOCEPHALUS GUNNARI",330,30
"38081",38081,"Elephant Island",2018,"CHAMPSOCEPHALUS GUNNARI",330,31
"38082",38082,"Elephant Island",2018,"CHAMPSOCEPHALUS GUNNARI",330,32
"38083",38083,"Elephant Island",2018,"CHAMPSOCEPHALUS GUNNARI",330,34
"38084",38084,"Elephant Island",2018,"CHAMPSOCEPHALUS GUNNARI",330,31
"38085",38085,"Elephant Island",2018,"CHAMPSOCEPHALUS GUNNARI",330,32
"38086",38086,"Elephant Island",2018,"CHAMPSOCEPHALUS GUNNARI",330,29
"38087",38087,"Elephant Island",2018,"CHAMPSOCEPHALUS GUNNARI",330,30
"38088",38088,"Elephant Island",2018,"CHAMPSOCEPHALUS GUNNARI",330,32
"38089",38089,"Elephant Island",2018,"CHAMPSOCEPHALUS GUNNARI",330,29
"38090",38090,"Elephant Island",2018,"CHAMPSOCEPHALUS GUNNARI",330,31
"38091",38091,"Elephant Island",2018,"CHAMPSOCEPHALUS GUNNARI",330,31
"38092",38092,"Elephant Island",2018,"CHAMPSOCEPHALUS GUNNARI",330,29
"38093",38093,"Elephant Island",2018,"CHAMPSOCEPHALUS GUNNARI",330,30
"38094",38094,"Elephant Island",2018,"CHAMPSOCEPHALUS GUNNARI",330,33
"38095",38095,"Elephant Island",2018,"CHAMPSOCEPHALUS GUNNARI",330,35
"38096",38096,"Elephant Island",2018,"CHAMPSOCEPHALUS GUNNARI",330,33
"38097",38097,"Elephant Island",2018,"CHAMPSOCEPHALUS GUNNARI",330,34
"38098",38098,"Elephant Island",2018,"CHAMPSOCEPHALUS GUNNARI",330,32
"38099",38099,"Elephant Island",2018,"CHAMPSOCEPHALUS GUNNARI",330,32
"38100",38100,"Elephant Island",2018,"CHAMPSOCEPHALUS GUNNARI",330,33
"38101",38101,"Elephant Island",2018,"CHAMPSOCEPHALUS GUNNARI",330,35
"38102",38102,"Elephant Island",2018,"CHAMPSOCEPHALUS GUNNARI",330,30
"38103",38103,"Elephant Island",2018,"CHAMPSOCEPHALUS GUNNARI",330,34
"38104",38104,"Elephant Island",2018,"CHAMPSOCEPHALUS GUNNARI",330,32
"38105",38105,"Elephant Island",2018,"CHAMPSOCEPHALUS GUNNARI",330,34
"38106",38106,"Elephant Island",2018,"CHAMPSOCEPHALUS GUNNARI",330,33
"38107",38107,"Elephant Island",2018,"CHAMPSOCEPHALUS GUNNARI",330,32
"38108",38108,"Elephant Island",2018,"CHAMPSOCEPHALUS GUNNARI",330,33
"38109",38109,"Elephant Island",2018,"CHAMPSOCEPHALUS GUNNARI",330,33
"38110",38110,"Elephant Island",2018,"CHAMPSOCEPHALUS GUNNARI",330,31
"38111",38111,"Elephant Island",2018,"CHAMPSOCEPHALUS GUNNARI",330,33
"38112",38112,"Elephant Island",2018,"CHAMPSOCEPHALUS GUNNARI",330,30
"38113",38113,"Elephant Island",2018,"CHAMPSOCEPHALUS GUNNARI",330,32
"38114",38114,"Elephant Island",2018,"CHAMPSOCEPHALUS GUNNARI",133.5,36
"38115",38115,"Elephant Island",2018,"CHAMPSOCEPHALUS GUNNARI",133.5,36
"38116",38116,"Elephant Island",2018,"CHAMPSOCEPHALUS GUNNARI",133.5,31
"38117",38117,"Elephant Island",2018,"CHAMPSOCEPHALUS GUNNARI",133.5,31
"38118",38118,"Elephant Island",2018,"CHAMPSOCEPHALUS GUNNARI",133.5,36
"38119",38119,"Elephant Island",2018,"CHAMPSOCEPHALUS GUNNARI",133.5,38
"38120",38120,"Elephant Island",2018,"CHAMPSOCEPHALUS GUNNARI",133.5,35
"38121",38121,"Elephant Island",2018,"CHAMPSOCEPHALUS GUNNARI",133.5,36
"38122",38122,"Elephant Island",2018,"CHAMPSOCEPHALUS GUNNARI",133.5,35
"38123",38123,"Elephant Island",2018,"CHAMPSOCEPHALUS GUNNARI",133.5,39
"38124",38124,"Elephant Island",2018,"CHAMPSOCEPHALUS GUNNARI",133.5,34
"38125",38125,"Elephant Island",2018,"CHAMPSOCEPHALUS GUNNARI",133.5,35
"38126",38126,"Elephant Island",2018,"CHAMPSOCEPHALUS GUNNARI",133.5,9
"38127",38127,"Elephant Island",2018,"CHAMPSOCEPHALUS GUNNARI",133.5,33
"38128",38128,"Elephant Island",2018,"CHAMPSOCEPHALUS GUNNARI",133.5,34
"38129",38129,"Elephant Island",2018,"CHAMPSOCEPHALUS GUNNARI",133.5,35
"38130",38130,"Elephant Island",2018,"CHAMPSOCEPHALUS GUNNARI",133.5,38
"38131",38131,"Elephant Island",2018,"CHAMPSOCEPHALUS GUNNARI",133.5,39
"38132",38132,"Elephant Island",2018,"CHAMPSOCEPHALUS GUNNARI",133.5,34
"38133",38133,"Elephant Island",2018,"CHAMPSOCEPHALUS GUNNARI",133.5,35
"38134",38134,"Elephant Island",2018,"CHAMPSOCEPHALUS GUNNARI",133.5,32
"38135",38135,"Elephant Island",2018,"CHAMPSOCEPHALUS GUNNARI",133.5,34
"38136",38136,"Elephant Island",2018,"CHAMPSOCEPHALUS GUNNARI",133.5,7
"38137",38137,"Elephant Island",2018,"CHAMPSOCEPHALUS GUNNARI",133.5,33
"38138",38138,"Elephant Island",2018,"CHAMPSOCEPHALUS GUNNARI",133.5,33
"38139",38139,"Elephant Island",2018,"CHAMPSOCEPHALUS GUNNARI",133.5,35
"38140",38140,"Elephant Island",2018,"CHAMPSOCEPHALUS GUNNARI",133.5,35
"38141",38141,"Elephant Island",2018,"CHAMPSOCEPHALUS GUNNARI",133.5,33
"38142",38142,"Elephant Island",2018,"CHAMPSOCEPHALUS GUNNARI",133.5,36
"38143",38143,"Elephant Island",2018,"CHAMPSOCEPHALUS GUNNARI",133.5,34
"38144",38144,"Elephant Island",2018,"CHAMPSOCEPHALUS GUNNARI",133.5,33
"38145",38145,"Elephant Island",2018,"CHAMPSOCEPHALUS GUNNARI",133.5,36
"38146",38146,"Elephant Island",2018,"CHAMPSOCEPHALUS GUNNARI",133.5,41
"38147",38147,"Elephant Island",2018,"CHAMPSOCEPHALUS GUNNARI",133.5,34
"38148",38148,"Elephant Island",2018,"CHAMPSOCEPHALUS GUNNARI",133.5,34
"38149",38149,"Elephant Island",2018,"CHAMPSOCEPHALUS GUNNARI",133.5,34
"38150",38150,"Elephant Island",2018,"CHAMPSOCEPHALUS GUNNARI",133.5,49
"38151",38151,"Elephant Island",2018,"CHAMPSOCEPHALUS GUNNARI",133.5,36
"38152",38152,"Elephant Island",2018,"CHAMPSOCEPHALUS GUNNARI",133.5,46
"38153",38153,"Elephant Island",2018,"CHAMPSOCEPHALUS GUNNARI",133.5,32
"38154",38154,"Elephant Island",2018,"CHAMPSOCEPHALUS GUNNARI",133.5,35
"38155",38155,"Elephant Island",2018,"CHAMPSOCEPHALUS GUNNARI",133.5,34
"38156",38156,"Elephant Island",2018,"CHAMPSOCEPHALUS GUNNARI",133.5,33
"38157",38157,"Elephant Island",2018,"CHAMPSOCEPHALUS GUNNARI",133.5,34
"38158",38158,"Elephant Island",2018,"CHAMPSOCEPHALUS GUNNARI",133.5,34
"38159",38159,"Elephant Island",2018,"CHAMPSOCEPHALUS GUNNARI",133.5,35
"38160",38160,"Elephant Island",2018,"CHAMPSOCEPHALUS GUNNARI",133.5,34
"38161",38161,"Elephant Island",2018,"CHAMPSOCEPHALUS GUNNARI",133.5,34
"38162",38162,"Elephant Island",2018,"CHAMPSOCEPHALUS GUNNARI",133.5,36
"38163",38163,"Elephant Island",2018,"CHAMPSOCEPHALUS GUNNARI",133.5,33
"38164",38164,"Elephant Island",2018,"CHAMPSOCEPHALUS GUNNARI",133.5,29
"38165",38165,"Elephant Island",2018,"CHAMPSOCEPHALUS GUNNARI",133.5,40
"38166",38166,"Elephant Island",2018,"CHAMPSOCEPHALUS GUNNARI",133.5,35
"38167",38167,"Elephant Island",2018,"CHAMPSOCEPHALUS GUNNARI",133.5,40
"38168",38168,"Elephant Island",2018,"CHAMPSOCEPHALUS GUNNARI",133.5,36
"38169",38169,"Elephant Island",2018,"CHAMPSOCEPHALUS GUNNARI",133.5,35
"38170",38170,"Elephant Island",2018,"CHAMPSOCEPHALUS GUNNARI",133.5,33
"38171",38171,"Elephant Island",2018,"CHAMPSOCEPHALUS GUNNARI",133.5,33
"38172",38172,"Elephant Island",2018,"CHAMPSOCEPHALUS GUNNARI",133.5,37
"38173",38173,"Elephant Island",2018,"CHAMPSOCEPHALUS GUNNARI",133.5,33
"38174",38174,"Elephant Island",2018,"NOTOTHENIA CORIICEPS",133.5,43
"38175",38175,"Elephant Island",2018,"NOTOTHENIA CORIICEPS",133.5,39
"38176",38176,"Elephant Island",2018,"NOTOTHENIA CORIICEPS",133.5,47
"38177",38177,"Elephant Island",2018,"NOTOTHENIA CORIICEPS",133.5,55
"38178",38178,"Elephant Island",2018,"NOTOTHENIA CORIICEPS",133.5,39
"38179",38179,"Elephant Island",2018,"NOTOTHENIA CORIICEPS",133.5,45
"38180",38180,"Elephant Island",2018,"NOTOTHENIA CORIICEPS",133.5,36
"38181",38181,"Elephant Island",2018,"CHIONODRACO RASTROSPINOSUS",133.5,40
"38182",38182,"Elephant Island",2018,"CHIONODRACO RASTROSPINOSUS",133.5,31
"38183",38183,"Elephant Island",2018,"CHIONODRACO RASTROSPINOSUS",133.5,33
"38184",38184,"Elephant Island",2018,"CHIONODRACO RASTROSPINOSUS",133.5,40
"38185",38185,"Elephant Island",2018,"CHIONODRACO RASTROSPINOSUS",133.5,47
"38186",38186,"Elephant Island",2018,"CHAENOCEPHALUS ACERATUS",133.5,51
"38187",38187,"Elephant Island",2018,"NOTOTHENIA ROSSII",133.5,22
"38188",38188,"Elephant Island",2018,"NOTOTHENIA ROSSII",133.5,23
"38189",38189,"Elephant Island",2018,"CRYODRACO ANTARCTICUS",133.5,24
"38190",38190,"Elephant Island",2018,"LEPIDONOTOTHEN NUDIFRONS",133.5,16
"38191",38191,"Elephant Island",2018,"LEPIDONOTOTHEN NUDIFRONS",133.5,11
"38192",38192,"Elephant Island",2018,"LEPIDONOTOTHEN NUDIFRONS",133.5,11
"38193",38193,"Elephant Island",2018,"LEPIDONOTOTHEN NUDIFRONS",133.5,15
"38194",38194,"Elephant Island",2018,"LEPIDONOTOTHEN NUDIFRONS",133.5,14
"38195",38195,"Elephant Island",2018,"PARACHAENICHTHYS CHARCOTI",133.5,30
"38196",38196,"Elephant Island",2018,"PARACHAENICHTHYS CHARCOTI",133.5,24
"38197",38197,"Elephant Island",2018,"NOTOTHENIA ROSSII",178,54
"38198",38198,"Elephant Island",2018,"NOTOTHENIA ROSSII",178,42
"38199",38199,"Elephant Island",2018,"NOTOTHENIA ROSSII",178,56
"38200",38200,"Elephant Island",2018,"NOTOTHENIA ROSSII",178,64
"38201",38201,"Elephant Island",2018,"NOTOTHENIA ROSSII",178,51
"38202",38202,"Elephant Island",2018,"NOTOTHENIA ROSSII",178,46
"38203",38203,"Elephant Island",2018,"NOTOTHENIA ROSSII",178,65
"38204",38204,"Elephant Island",2018,"NOTOTHENIA ROSSII",178,51
"38205",38205,"Elephant Island",2018,"NOTOTHENIA ROSSII",178,43
"38206",38206,"Elephant Island",2018,"NOTOTHENIA ROSSII",178,49
"38207",38207,"Elephant Island",2018,"NOTOTHENIA ROSSII",178,40
"38208",38208,"Elephant Island",2018,"NOTOTHENIA ROSSII",178,45
"38209",38209,"Elephant Island",2018,"NOTOTHENIA ROSSII",178,45
"38210",38210,"Elephant Island",2018,"NOTOTHENIA ROSSII",178,45
"38211",38211,"Elephant Island",2018,"NOTOTHENIA ROSSII",178,55
"38212",38212,"Elephant Island",2018,"NOTOTHENIA ROSSII",178,57
"38213",38213,"Elephant Island",2018,"NOTOTHENIA ROSSII",178,55
"38214",38214,"Elephant Island",2018,"NOTOTHENIA ROSSII",178,45
"38215",38215,"Elephant Island",2018,"NOTOTHENIA ROSSII",178,57
"38216",38216,"Elephant Island",2018,"NOTOTHENIA ROSSII",178,46
"38217",38217,"Elephant Island",2018,"NOTOTHENIA ROSSII",178,43
"38218",38218,"Elephant Island",2018,"NOTOTHENIA ROSSII",178,53
"38219",38219,"Elephant Island",2018,"NOTOTHENIA ROSSII",178,38
"38220",38220,"Elephant Island",2018,"NOTOTHENIA ROSSII",178,60
"38221",38221,"Elephant Island",2018,"NOTOTHENIA ROSSII",178,53
"38222",38222,"Elephant Island",2018,"NOTOTHENIA ROSSII",178,54
"38223",38223,"Elephant Island",2018,"NOTOTHENIA ROSSII",178,66
"38224",38224,"Elephant Island",2018,"NOTOTHENIA ROSSII",178,61
"38225",38225,"Elephant Island",2018,"NOTOTHENIA ROSSII",178,60
"38226",38226,"Elephant Island",2018,"NOTOTHENIA ROSSII",178,50
"38227",38227,"Elephant Island",2018,"NOTOTHENIA ROSSII",178,64
"38228",38228,"Elephant Island",2018,"NOTOTHENIA ROSSII",178,49
"38229",38229,"Elephant Island",2018,"NOTOTHENIA ROSSII",178,51
"38230",38230,"Elephant Island",2018,"NOTOTHENIA ROSSII",178,50
"38231",38231,"Elephant Island",2018,"NOTOTHENIA ROSSII",178,58
"38232",38232,"Elephant Island",2018,"NOTOTHENIA ROSSII",178,58
"38233",38233,"Elephant Island",2018,"NOTOTHENIA ROSSII",178,54
"38234",38234,"Elephant Island",2018,"NOTOTHENIA ROSSII",178,43
"38235",38235,"Elephant Island",2018,"NOTOTHENIA ROSSII",178,52
"38236",38236,"Elephant Island",2018,"NOTOTHENIA ROSSII",178,48
"38237",38237,"Elephant Island",2018,"NOTOTHENIA ROSSII",178,68
"38238",38238,"Elephant Island",2018,"NOTOTHENIA ROSSII",178,48
"38239",38239,"Elephant Island",2018,"NOTOTHENIA ROSSII",178,44
"38240",38240,"Elephant Island",2018,"NOTOTHENIA ROSSII",178,59
"38241",38241,"Elephant Island",2018,"NOTOTHENIA ROSSII",178,55
"38242",38242,"Elephant Island",2018,"NOTOTHENIA ROSSII",178,54
"38243",38243,"Elephant Island",2018,"NOTOTHENIA ROSSII",178,61
"38244",38244,"Elephant Island",2018,"NOTOTHENIA ROSSII",178,70
"38245",38245,"Elephant Island",2018,"NOTOTHENIA ROSSII",178,53
"38246",38246,"Elephant Island",2018,"NOTOTHENIA ROSSII",178,55
"38247",38247,"Elephant Island",2018,"NOTOTHENIA ROSSII",178,60
"38248",38248,"Elephant Island",2018,"NOTOTHENIA ROSSII",178,51
"38249",38249,"Elephant Island",2018,"NOTOTHENIA ROSSII",178,59
"38250",38250,"Elephant Island",2018,"NOTOTHENIA ROSSII",178,59
"38251",38251,"Elephant Island",2018,"NOTOTHENIA ROSSII",178,58
"38252",38252,"Elephant Island",2018,"NOTOTHENIA ROSSII",178,55
"38253",38253,"Elephant Island",2018,"NOTOTHENIA ROSSII",178,47
"38254",38254,"Elephant Island",2018,"NOTOTHENIA ROSSII",178,62
"38255",38255,"Elephant Island",2018,"NOTOTHENIA ROSSII",178,53
"38256",38256,"Elephant Island",2018,"NOTOTHENIA ROSSII",178,59
"38257",38257,"Elephant Island",2018,"PARACHAENICHTHYS CHARCOTI",178,39
"38258",38258,"Elephant Island",2018,"CRYODRACO ANTARCTICUS",178,20
"38259",38259,"Elephant Island",2018,"CHAENOCEPHALUS ACERATUS",178,58
"38260",38260,"Elephant Island",2018,"CHAENOCEPHALUS ACERATUS",178,40
"38261",38261,"Elephant Island",2018,"CHAENOCEPHALUS ACERATUS",178,30
"38262",38262,"Elephant Island",2018,"CHAENOCEPHALUS ACERATUS",178,66
"38263",38263,"Elephant Island",2018,"CHAENOCEPHALUS ACERATUS",178,50
"38264",38264,"Elephant Island",2018,"CHAENOCEPHALUS ACERATUS",178,46
"38265",38265,"Elephant Island",2018,"CHAMPSOCEPHALUS GUNNARI",178,33
"38266",38266,"Elephant Island",2018,"CHAMPSOCEPHALUS GUNNARI",178,45
"38267",38267,"Elephant Island",2018,"CHAMPSOCEPHALUS GUNNARI",178,35
"38268",38268,"Elephant Island",2018,"CHAMPSOCEPHALUS GUNNARI",178,48
"38269",38269,"Elephant Island",2018,"CHAMPSOCEPHALUS GUNNARI",178,38
"38270",38270,"Elephant Island",2018,"CHAMPSOCEPHALUS GUNNARI",178,46
"38271",38271,"Elephant Island",2018,"CHAMPSOCEPHALUS GUNNARI",178,34
"38272",38272,"Elephant Island",2018,"CHAMPSOCEPHALUS GUNNARI",178,34
"38273",38273,"Elephant Island",2018,"CHAMPSOCEPHALUS GUNNARI",178,34
"38274",38274,"Elephant Island",2018,"CHAMPSOCEPHALUS GUNNARI",178,40
"38275",38275,"Elephant Island",2018,"CHAMPSOCEPHALUS GUNNARI",178,33
"38276",38276,"Elephant Island",2018,"CHAMPSOCEPHALUS GUNNARI",178,32
"38277",38277,"Elephant Island",2018,"CHAMPSOCEPHALUS GUNNARI",178,32
"38278",38278,"Elephant Island",2018,"CHAMPSOCEPHALUS GUNNARI",178,33
"38279",38279,"Elephant Island",2018,"CHAMPSOCEPHALUS GUNNARI",178,33
"38280",38280,"Elephant Island",2018,"CHAMPSOCEPHALUS GUNNARI",178,32
"38281",38281,"Elephant Island",2018,"CHAMPSOCEPHALUS GUNNARI",178,31
"38282",38282,"Elephant Island",2018,"CHAMPSOCEPHALUS GUNNARI",178,36
"38283",38283,"Elephant Island",2018,"CHAMPSOCEPHALUS GUNNARI",178,32
"38284",38284,"Elephant Island",2018,"CHAMPSOCEPHALUS GUNNARI",178,32
"38285",38285,"Elephant Island",2018,"CHAMPSOCEPHALUS GUNNARI",178,35
"38286",38286,"Elephant Island",2018,"CHAMPSOCEPHALUS GUNNARI",178,35
"38287",38287,"Elephant Island",2018,"CHAMPSOCEPHALUS GUNNARI",178,34
"38288",38288,"Elephant Island",2018,"CHAMPSOCEPHALUS GUNNARI",178,34
"38289",38289,"Elephant Island",2018,"CHAMPSOCEPHALUS GUNNARI",178,47
"38290",38290,"Elephant Island",2018,"CHAMPSOCEPHALUS GUNNARI",178,34
"38291",38291,"Elephant Island",2018,"CHAMPSOCEPHALUS GUNNARI",178,49
"38292",38292,"Elephant Island",2018,"CHAMPSOCEPHALUS GUNNARI",178,33
"38293",38293,"Elephant Island",2018,"CHAMPSOCEPHALUS GUNNARI",178,33
"38294",38294,"Elephant Island",2018,"CHAMPSOCEPHALUS GUNNARI",178,34
"38295",38295,"Elephant Island",2018,"NOTOTHENIA ROSSII",245,55
"38296",38296,"Elephant Island",2018,"NOTOTHENIA ROSSII",245,64
"38297",38297,"Elephant Island",2018,"NOTOTHENIA ROSSII",245,57
"38298",38298,"Elephant Island",2018,"NOTOTHENIA ROSSII",245,59
"38299",38299,"Elephant Island",2018,"NOTOTHENIA ROSSII",245,45
"38300",38300,"Elephant Island",2018,"NOTOTHENIA ROSSII",245,45
"38301",38301,"Elephant Island",2018,"NOTOTHENIA ROSSII",245,41
"38302",38302,"Elephant Island",2018,"NOTOTHENIA ROSSII",245,46
"38303",38303,"Elephant Island",2018,"NOTOTHENIA ROSSII",245,54
"38304",38304,"Elephant Island",2018,"NOTOTHENIA ROSSII",245,58
"38305",38305,"Elephant Island",2018,"NOTOTHENIA ROSSII",245,60
"38306",38306,"Elephant Island",2018,"NOTOTHENIA ROSSII",245,42
"38307",38307,"Elephant Island",2018,"NOTOTHENIA ROSSII",245,60
"38308",38308,"Elephant Island",2018,"NOTOTHENIA ROSSII",245,53
"38309",38309,"Elephant Island",2018,"NOTOTHENIA ROSSII",245,47
"38310",38310,"Elephant Island",2018,"NOTOTHENIA ROSSII",245,62
"38311",38311,"Elephant Island",2018,"NOTOTHENIA ROSSII",245,45
"38312",38312,"Elephant Island",2018,"NOTOTHENIA ROSSII",245,56
"38313",38313,"Elephant Island",2018,"NOTOTHENIA ROSSII",245,67
"38314",38314,"Elephant Island",2018,"NOTOTHENIA ROSSII",245,45
"38315",38315,"Elephant Island",2018,"NOTOTHENIA ROSSII",245,48
"38316",38316,"Elephant Island",2018,"NOTOTHENIA ROSSII",245,47
"38317",38317,"Elephant Island",2018,"NOTOTHENIA ROSSII",245,51
"38318",38318,"Elephant Island",2018,"NOTOTHENIA ROSSII",245,59
"38319",38319,"Elephant Island",2018,"NOTOTHENIA ROSSII",245,46
"38320",38320,"Elephant Island",2018,"NOTOTHENIA ROSSII",245,59
"38321",38321,"Elephant Island",2018,"NOTOTHENIA ROSSII",245,54
"38322",38322,"Elephant Island",2018,"NOTOTHENIA ROSSII",245,60
"38323",38323,"Elephant Island",2018,"NOTOTHENIA ROSSII",245,47
"38324",38324,"Elephant Island",2018,"NOTOTHENIA ROSSII",245,70
"38325",38325,"Elephant Island",2018,"NOTOTHENIA ROSSII",245,60
"38326",38326,"Elephant Island",2018,"NOTOTHENIA ROSSII",245,49
"38327",38327,"Elephant Island",2018,"NOTOTHENIA ROSSII",245,56
"38328",38328,"Elephant Island",2018,"NOTOTHENIA ROSSII",245,57
"38329",38329,"Elephant Island",2018,"NOTOTHENIA ROSSII",245,46
"38330",38330,"Elephant Island",2018,"NOTOTHENIA ROSSII",245,41
"38331",38331,"Elephant Island",2018,"NOTOTHENIA ROSSII",245,53
"38332",38332,"Elephant Island",2018,"NOTOTHENIA ROSSII",245,57
"38333",38333,"Elephant Island",2018,"NOTOTHENIA ROSSII",245,43
"38334",38334,"Elephant Island",2018,"NOTOTHENIA ROSSII",245,55
"38335",38335,"Elephant Island",2018,"NOTOTHENIA ROSSII",245,63
"38336",38336,"Elephant Island",2018,"NOTOTHENIA ROSSII",245,50
"38337",38337,"Elephant Island",2018,"NOTOTHENIA ROSSII",245,62
"38338",38338,"Elephant Island",2018,"NOTOTHENIA ROSSII",245,52
"38339",38339,"Elephant Island",2018,"NOTOTHENIA ROSSII",245,49
"38340",38340,"Elephant Island",2018,"NOTOTHENIA ROSSII",245,45
"38341",38341,"Elephant Island",2018,"NOTOTHENIA ROSSII",245,68
"38342",38342,"Elephant Island",2018,"NOTOTHENIA ROSSII",245,59
"38343",38343,"Elephant Island",2018,"NOTOTHENIA ROSSII",245,71
"38344",38344,"Elephant Island",2018,"NOTOTHENIA ROSSII",245,39
"38345",38345,"Elephant Island",2018,"NOTOTHENIA ROSSII",245,64
"38346",38346,"Elephant Island",2018,"NOTOTHENIA ROSSII",245,49
"38347",38347,"Elephant Island",2018,"NOTOTHENIA ROSSII",245,59
"38348",38348,"Elephant Island",2018,"NOTOTHENIA ROSSII",245,50
"38349",38349,"Elephant Island",2018,"NOTOTHENIA ROSSII",245,47
"38350",38350,"Elephant Island",2018,"NOTOTHENIA ROSSII",245,57
"38351",38351,"Elephant Island",2018,"NOTOTHENIA ROSSII",245,54
"38352",38352,"Elephant Island",2018,"NOTOTHENIA ROSSII",245,55
"38353",38353,"Elephant Island",2018,"NOTOTHENIA ROSSII",245,43
"38354",38354,"Elephant Island",2018,"NOTOTHENIA ROSSII",245,54
"38355",38355,"Elephant Island",2018,"NOTOTHENIA ROSSII",245,44
"38356",38356,"Elephant Island",2018,"NOTOTHENIA ROSSII",245,58
"38357",38357,"Elephant Island",2018,"NOTOTHENIA ROSSII",245,52
"38358",38358,"Elephant Island",2018,"NOTOTHENIA ROSSII",245,57
"38359",38359,"Elephant Island",2018,"NOTOTHENIA ROSSII",245,46
"38360",38360,"Elephant Island",2018,"NOTOTHENIA ROSSII",245,62
"38361",38361,"Elephant Island",2018,"NOTOTHENIA ROSSII",245,41
"38362",38362,"Elephant Island",2018,"NOTOTHENIA ROSSII",245,65
"38363",38363,"Elephant Island",2018,"NOTOTHENIA ROSSII",245,53
"38364",38364,"Elephant Island",2018,"NOTOTHENIA ROSSII",245,66
"38365",38365,"Elephant Island",2018,"NOTOTHENIA ROSSII",245,42
"38366",38366,"Elephant Island",2018,"NOTOTHENIA ROSSII",245,56
"38367",38367,"Elephant Island",2018,"NOTOTHENIA ROSSII",245,40
"38368",38368,"Elephant Island",2018,"NOTOTHENIA ROSSII",245,52
"38369",38369,"Elephant Island",2018,"NOTOTHENIA ROSSII",245,46
"38370",38370,"Elephant Island",2018,"NOTOTHENIA ROSSII",245,55
"38371",38371,"Elephant Island",2018,"NOTOTHENIA ROSSII",245,54
"38372",38372,"Elephant Island",2018,"CHAMPSOCEPHALUS GUNNARI",245,36
"38373",38373,"Elephant Island",2018,"CHAMPSOCEPHALUS GUNNARI",245,32
"38374",38374,"Elephant Island",2018,"CHAMPSOCEPHALUS GUNNARI",245,31
"38375",38375,"Elephant Island",2018,"CHAMPSOCEPHALUS GUNNARI",245,33
"38376",38376,"Elephant Island",2018,"CHAMPSOCEPHALUS GUNNARI",245,32
"38377",38377,"Elephant Island",2018,"CHAMPSOCEPHALUS GUNNARI",245,28
"38378",38378,"Elephant Island",2018,"CHAMPSOCEPHALUS GUNNARI",245,32
"38379",38379,"Elephant Island",2018,"CHAMPSOCEPHALUS GUNNARI",245,47
