"","X.1","X","Region","Year","Taxon","Depth","Length"
"507",37827,37827,"Elephant Island",2018,"notothenia_corriceps-nototheniidae",93.5,42
"508",37828,37828,"Elephant Island",2018,"notothenia_corriceps-nototheniidae",93.5,32
"509",37829,37829,"Elephant Island",2018,"notothenia_corriceps-nototheniidae",93.5,46
"510",37830,37830,"Elephant Island",2018,"parachaenichthys_charcoti",93.5,20
"511",37842,37842,"Elephant Island",2018,"notothenia_corriceps-nototheniidae",96,41
"512",37843,37843,"Elephant Island",2018,"notothenia_corriceps-nototheniidae",96,41
"513",37844,37844,"Elephant Island",2018,"notothenia_corriceps-nototheniidae",96,46
"514",37845,37845,"Elephant Island",2018,"notothenia_corriceps-nototheniidae",96,54
"515",37846,37846,"Elephant Island",2018,"notothenia_corriceps-nototheniidae",96,48
"516",37847,37847,"Elephant Island",2018,"notothenia_corriceps-nototheniidae",96,54
"517",37848,37848,"Elephant Island",2018,"notothenia_corriceps-nototheniidae",96,41
"518",37849,37849,"Elephant Island",2018,"notothenia_corriceps-nototheniidae",96,40
"519",37850,37850,"Elephant Island",2018,"notothenia_corriceps-nototheniidae",96,43
"520",37851,37851,"Elephant Island",2018,"notothenia_corriceps-nototheniidae",96,42
"521",37852,37852,"Elephant Island",2018,"notothenia_corriceps-nototheniidae",96,40
"522",37853,37853,"Elephant Island",2018,"notothenia_corriceps-nototheniidae",96,41
"523",37854,37854,"Elephant Island",2018,"notothenia_corriceps-nototheniidae",96,41
"524",37855,37855,"Elephant Island",2018,"notothenia_corriceps-nototheniidae",96,44
"525",37856,37856,"Elephant Island",2018,"notothenia_corriceps-nototheniidae",96,45
"526",37857,37857,"Elephant Island",2018,"notothenia_corriceps-nototheniidae",96,44
"527",37858,37858,"Elephant Island",2018,"notothenia_corriceps-nototheniidae",96,53
"528",37859,37859,"Elephant Island",2018,"notothenia_corriceps-nototheniidae",96,43
"529",37860,37860,"Elephant Island",2018,"notothenia_corriceps-nototheniidae",96,41
"530",37861,37861,"Elephant Island",2018,"notothenia_corriceps-nototheniidae",96,40
"531",37862,37862,"Elephant Island",2018,"notothenia_corriceps-nototheniidae",96,38
"532",37863,37863,"Elephant Island",2018,"notothenia_corriceps-nototheniidae",96,44
"533",37864,37864,"Elephant Island",2018,"notothenia_corriceps-nototheniidae",96,37
"534",37865,37865,"Elephant Island",2018,"notothenia_corriceps-nototheniidae",96,41
"535",37866,37866,"Elephant Island",2018,"chaenocephalus_aceratus-channichthyidae",96,47
"536",37867,37867,"Elephant Island",2018,"chaenocephalus_aceratus-channichthyidae",96,59
"537",37868,37868,"Elephant Island",2018,"champsocephalus_gunnari-channichthyidae",96,27
"538",37869,37869,"Elephant Island",2018,"champsocephalus_gunnari-channichthyidae",96,27
"539",37870,37870,"Elephant Island",2018,"champsocephalus_gunnari-channichthyidae",96,23
"540",37871,37871,"Elephant Island",2018,"champsocephalus_gunnari-channichthyidae",96,31
"541",37872,37872,"Elephant Island",2018,"champsocephalus_gunnari-channichthyidae",96,19
"542",37874,37874,"Elephant Island",2018,"lepi_lars-trematominae",96,18
"543",37875,37875,"Elephant Island",2018,"lepi_lars-trematominae",96,12
"544",37876,37876,"Elephant Island",2018,"lepi_lars-trematominae",96,13
"545",37877,37877,"Elephant Island",2018,"parachaenichthys_charcoti",96,24
"546",37878,37878,"Elephant Island",2018,"parachaenichthys_charcoti",96,17
"6",37292,37292,"Elephant Island",2018,"nototheniid_gobinotothen_gibberifrons",172.5,47
"7",37293,37293,"Elephant Island",2018,"nototheniid_gobinotothen_gibberifrons",172.5,48
"8",37294,37294,"Elephant Island",2018,"nototheniid_gobinotothen_gibberifrons",172.5,46
"9",37295,37295,"Elephant Island",2018,"nototheniid_gobinotothen_gibberifrons",172.5,50
"10",37296,37296,"Elephant Island",2018,"nototheniid_gobinotothen_gibberifrons",172.5,48
"11",37297,37297,"Elephant Island",2018,"nototheniid_gobinotothen_gibberifrons",172.5,48
"12",37298,37298,"Elephant Island",2018,"nototheniid_gobinotothen_gibberifrons",172.5,37
"13",37299,37299,"Elephant Island",2018,"nototheniid_gobinotothen_gibberifrons",172.5,46
"14",37300,37300,"Elephant Island",2018,"nototheniid_gobinotothen_gibberifrons",172.5,48
"15",37301,37301,"Elephant Island",2018,"nototheniid_gobinotothen_gibberifrons",172.5,48
"272",37588,37588,"Elephant Island",2018,"chionodraco_rastrospinosus-channichthyidae",177.5,38
"273",37589,37589,"Elephant Island",2018,"chionodraco_rastrospinosus-channichthyidae",177.5,30
"274",37590,37590,"Elephant Island",2018,"nototheniid_gobinotothen_gibberifrons",177.5,33
"275",37591,37591,"Elephant Island",2018,"nototheniid_gobinotothen_gibberifrons",177.5,32
"276",37592,37592,"Elephant Island",2018,"nototheniid_gobinotothen_gibberifrons",177.5,34
"277",37593,37593,"Elephant Island",2018,"lepi_lars-trematominae",177.5,17
"278",37594,37594,"Elephant Island",2018,"lepi_lars-trematominae",177.5,16
"279",37595,37595,"Elephant Island",2018,"lepi_lars-trematominae",177.5,14
"280",37596,37596,"Elephant Island",2018,"lepi_lars-trematominae",177.5,16
"281",37597,37597,"Elephant Island",2018,"lepi_lars-trematominae",177.5,14
"282",37598,37598,"Elephant Island",2018,"lepi_lars-trematominae",177.5,16
"283",37599,37599,"Elephant Island",2018,"lepi_lars-trematominae",177.5,18
"284",37600,37600,"Elephant Island",2018,"lepi_nudi-trematominae",177.5,12
"285",37601,37601,"Elephant Island",2018,"lepi_nudi-trematominae",177.5,15
"286",37602,37602,"Elephant Island",2018,"lepi_nudi-trematominae",177.5,25
"287",37605,37605,"Elephant Island",2018,"chaenocephalus_aceratus-channichthyidae",177.5,46
"288",37606,37606,"Elephant Island",2018,"chaenocephalus_aceratus-channichthyidae",177.5,44
"289",37607,37607,"Elephant Island",2018,"chaenocephalus_aceratus-channichthyidae",177.5,59
"290",37608,37608,"Elephant Island",2018,"chaenocephalus_aceratus-channichthyidae",177.5,41
"291",37609,37609,"Elephant Island",2018,"chaenocephalus_aceratus-channichthyidae",177.5,38
"292",37610,37610,"Elephant Island",2018,"chaenocephalus_aceratus-channichthyidae",177.5,39
"293",37611,37611,"Elephant Island",2018,"chaenocephalus_aceratus-channichthyidae",177.5,63
"294",37612,37612,"Elephant Island",2018,"chaenocephalus_aceratus-channichthyidae",177.5,41
"295",37613,37613,"Elephant Island",2018,"chaenocephalus_aceratus-channichthyidae",177.5,40
"296",37614,37614,"Elephant Island",2018,"chaenocephalus_aceratus-channichthyidae",177.5,37
"297",37615,37615,"Elephant Island",2018,"chaenocephalus_aceratus-channichthyidae",177.5,40
"298",37616,37616,"Elephant Island",2018,"chaenocephalus_aceratus-channichthyidae",177.5,41
"299",37617,37617,"Elephant Island",2018,"chaenocephalus_aceratus-channichthyidae",177.5,36
"300",37618,37618,"Elephant Island",2018,"chaenocephalus_aceratus-channichthyidae",177.5,40
"301",37619,37619,"Elephant Island",2018,"chaenocephalus_aceratus-channichthyidae",177.5,30
"302",37620,37620,"Elephant Island",2018,"champsocephalus_gunnari-channichthyidae",177.5,38
"303",37621,37621,"Elephant Island",2018,"champsocephalus_gunnari-channichthyidae",177.5,44
"304",37622,37622,"Elephant Island",2018,"champsocephalus_gunnari-channichthyidae",177.5,33
"305",37623,37623,"Elephant Island",2018,"champsocephalus_gunnari-channichthyidae",177.5,36
"306",37624,37624,"Elephant Island",2018,"champsocephalus_gunnari-channichthyidae",177.5,34
"307",37625,37625,"Elephant Island",2018,"champsocephalus_gunnari-channichthyidae",177.5,35
"308",37626,37626,"Elephant Island",2018,"champsocephalus_gunnari-channichthyidae",177.5,27
"309",37627,37627,"Elephant Island",2018,"champsocephalus_gunnari-channichthyidae",177.5,33
"310",37628,37628,"Elephant Island",2018,"champsocephalus_gunnari-channichthyidae",177.5,34
"311",37629,37629,"Elephant Island",2018,"champsocephalus_gunnari-channichthyidae",177.5,34
"312",37630,37630,"Elephant Island",2018,"champsocephalus_gunnari-channichthyidae",177.5,26
"313",37631,37631,"Elephant Island",2018,"champsocephalus_gunnari-channichthyidae",177.5,34
"314",37632,37632,"Elephant Island",2018,"champsocephalus_gunnari-channichthyidae",177.5,31
"315",37633,37633,"Elephant Island",2018,"champsocephalus_gunnari-channichthyidae",177.5,33
"316",37634,37634,"Elephant Island",2018,"champsocephalus_gunnari-channichthyidae",177.5,35
"317",37635,37635,"Elephant Island",2018,"champsocephalus_gunnari-channichthyidae",177.5,34
"318",37636,37636,"Elephant Island",2018,"champsocephalus_gunnari-channichthyidae",177.5,34
"319",37637,37637,"Elephant Island",2018,"champsocephalus_gunnari-channichthyidae",177.5,35
"320",37638,37638,"Elephant Island",2018,"champsocephalus_gunnari-channichthyidae",177.5,36
"321",37639,37639,"Elephant Island",2018,"champsocephalus_gunnari-channichthyidae",177.5,49
"322",37640,37640,"Elephant Island",2018,"champsocephalus_gunnari-channichthyidae",177.5,36
"323",37641,37641,"Elephant Island",2018,"champsocephalus_gunnari-channichthyidae",177.5,34
"324",37642,37642,"Elephant Island",2018,"champsocephalus_gunnari-channichthyidae",177.5,32
"325",37643,37643,"Elephant Island",2018,"champsocephalus_gunnari-channichthyidae",177.5,34
"326",37644,37644,"Elephant Island",2018,"champsocephalus_gunnari-channichthyidae",177.5,49
"327",37645,37645,"Elephant Island",2018,"champsocephalus_gunnari-channichthyidae",177.5,37
"328",37646,37646,"Elephant Island",2018,"champsocephalus_gunnari-channichthyidae",177.5,51
"329",37647,37647,"Elephant Island",2018,"champsocephalus_gunnari-channichthyidae",177.5,35
"330",37648,37648,"Elephant Island",2018,"champsocephalus_gunnari-channichthyidae",177.5,36
"331",37649,37649,"Elephant Island",2018,"champsocephalus_gunnari-channichthyidae",177.5,33
"332",37650,37650,"Elephant Island",2018,"champsocephalus_gunnari-channichthyidae",177.5,33
"333",37651,37651,"Elephant Island",2018,"champsocephalus_gunnari-channichthyidae",177.5,34
"334",37652,37652,"Elephant Island",2018,"champsocephalus_gunnari-channichthyidae",177.5,35
"335",37653,37653,"Elephant Island",2018,"champsocephalus_gunnari-channichthyidae",177.5,31
"336",37654,37654,"Elephant Island",2018,"champsocephalus_gunnari-channichthyidae",177.5,33
"337",37655,37655,"Elephant Island",2018,"champsocephalus_gunnari-channichthyidae",177.5,29
"338",37656,37656,"Elephant Island",2018,"champsocephalus_gunnari-channichthyidae",177.5,33
"339",37657,37657,"Elephant Island",2018,"champsocephalus_gunnari-channichthyidae",177.5,32
"340",37658,37658,"Elephant Island",2018,"champsocephalus_gunnari-channichthyidae",177.5,35
"341",37659,37659,"Elephant Island",2018,"champsocephalus_gunnari-channichthyidae",177.5,39
"342",37660,37660,"Elephant Island",2018,"champsocephalus_gunnari-channichthyidae",177.5,34
"343",37661,37661,"Elephant Island",2018,"champsocephalus_gunnari-channichthyidae",177.5,34
"344",37662,37662,"Elephant Island",2018,"champsocephalus_gunnari-channichthyidae",177.5,33
"345",37663,37663,"Elephant Island",2018,"champsocephalus_gunnari-channichthyidae",177.5,32
"346",37664,37664,"Elephant Island",2018,"champsocephalus_gunnari-channichthyidae",177.5,33
"347",37665,37665,"Elephant Island",2018,"champsocephalus_gunnari-channichthyidae",177.5,33
"348",37666,37666,"Elephant Island",2018,"champsocephalus_gunnari-channichthyidae",177.5,33
"349",37667,37667,"Elephant Island",2018,"champsocephalus_gunnari-channichthyidae",177.5,33
"350",37668,37668,"Elephant Island",2018,"champsocephalus_gunnari-channichthyidae",177.5,32
"351",37669,37669,"Elephant Island",2018,"champsocephalus_gunnari-channichthyidae",177.5,35
"352",37670,37670,"Elephant Island",2018,"champsocephalus_gunnari-channichthyidae",177.5,34
"353",37671,37671,"Elephant Island",2018,"champsocephalus_gunnari-channichthyidae",177.5,20
"354",37672,37672,"Elephant Island",2018,"champsocephalus_gunnari-channichthyidae",177.5,20
"355",37673,37673,"Elephant Island",2018,"champsocephalus_gunnari-channichthyidae",177.5,18
"356",37674,37674,"Elephant Island",2018,"champsocephalus_gunnari-channichthyidae",177.5,20
"357",37675,37675,"Elephant Island",2018,"champsocephalus_gunnari-channichthyidae",177.5,19
"358",37676,37676,"Elephant Island",2018,"champsocephalus_gunnari-channichthyidae",177.5,22
"359",37677,37677,"Elephant Island",2018,"champsocephalus_gunnari-channichthyidae",177.5,20
"360",37678,37678,"Elephant Island",2018,"champsocephalus_gunnari-channichthyidae",177.5,24
"361",37679,37679,"Elephant Island",2018,"champsocephalus_gunnari-channichthyidae",177.5,25
"362",37680,37680,"Elephant Island",2018,"chaenocephalus_aceratus-channichthyidae",152.5,46
"363",37681,37681,"Elephant Island",2018,"chaenocephalus_aceratus-channichthyidae",152.5,48
"364",37682,37682,"Elephant Island",2018,"chaenocephalus_aceratus-channichthyidae",152.5,43
"365",37683,37683,"Elephant Island",2018,"nototheniid_dissostichus_mawsoni",152.5,25
"366",37684,37684,"Elephant Island",2018,"nototheniid_dissostichus_mawsoni",152.5,24
"367",37685,37685,"Elephant Island",2018,"lepi_nudi-trematominae",152.5,19
"368",37686,37686,"Elephant Island",2018,"lepi_lars-trematominae",152.5,18
"369",37687,37687,"Elephant Island",2018,"lepi_lars-trematominae",152.5,17
"370",37688,37688,"Elephant Island",2018,"lepi_lars-trematominae",152.5,14
"371",37689,37689,"Elephant Island",2018,"lepi_lars-trematominae",152.5,16
"372",37690,37690,"Elephant Island",2018,"lepi_lars-trematominae",152.5,15
"373",37691,37691,"Elephant Island",2018,"notothenia_corriceps-nototheniidae",152.5,46
"374",37694,37694,"Elephant Island",2018,"cryodraco_antarcticus-channichthyidae",152.5,15
"375",37695,37695,"Elephant Island",2018,"cryodraco_antarcticus-channichthyidae",152.5,20
"376",37696,37696,"Elephant Island",2018,"cryodraco_antarcticus-channichthyidae",152.5,23
"377",37697,37697,"Elephant Island",2018,"cryodraco_antarcticus-channichthyidae",152.5,19
"378",37698,37698,"Elephant Island",2018,"cryodraco_antarcticus-channichthyidae",152.5,22
"379",37699,37699,"Elephant Island",2018,"cryodraco_antarcticus-channichthyidae",152.5,23
"380",37700,37700,"Elephant Island",2018,"champsocephalus_gunnari-channichthyidae",152.5,33
"381",37701,37701,"Elephant Island",2018,"champsocephalus_gunnari-channichthyidae",152.5,36
"382",37702,37702,"Elephant Island",2018,"champsocephalus_gunnari-channichthyidae",152.5,35
"383",37703,37703,"Elephant Island",2018,"champsocephalus_gunnari-channichthyidae",152.5,35
"384",37704,37704,"Elephant Island",2018,"champsocephalus_gunnari-channichthyidae",152.5,33
"385",37705,37705,"Elephant Island",2018,"champsocephalus_gunnari-channichthyidae",152.5,34
"386",37706,37706,"Elephant Island",2018,"champsocephalus_gunnari-channichthyidae",152.5,34
"387",37707,37707,"Elephant Island",2018,"champsocephalus_gunnari-channichthyidae",152.5,35
"388",37708,37708,"Elephant Island",2018,"champsocephalus_gunnari-channichthyidae",152.5,36
"389",37709,37709,"Elephant Island",2018,"champsocephalus_gunnari-channichthyidae",152.5,32
"390",37710,37710,"Elephant Island",2018,"champsocephalus_gunnari-channichthyidae",152.5,34
"391",37711,37711,"Elephant Island",2018,"champsocephalus_gunnari-channichthyidae",152.5,31
"392",37712,37712,"Elephant Island",2018,"champsocephalus_gunnari-channichthyidae",152.5,34
"393",37713,37713,"Elephant Island",2018,"champsocephalus_gunnari-channichthyidae",152.5,33
"394",37714,37714,"Elephant Island",2018,"champsocephalus_gunnari-channichthyidae",152.5,27
"395",37715,37715,"Elephant Island",2018,"champsocephalus_gunnari-channichthyidae",152.5,33
"396",37716,37716,"Elephant Island",2018,"champsocephalus_gunnari-channichthyidae",152.5,32
"397",37717,37717,"Elephant Island",2018,"champsocephalus_gunnari-channichthyidae",152.5,27
"398",37718,37718,"Elephant Island",2018,"champsocephalus_gunnari-channichthyidae",152.5,36
"399",37719,37719,"Elephant Island",2018,"champsocephalus_gunnari-channichthyidae",152.5,33
"400",37720,37720,"Elephant Island",2018,"champsocephalus_gunnari-channichthyidae",152.5,39
"401",37721,37721,"Elephant Island",2018,"champsocephalus_gunnari-channichthyidae",152.5,33
"402",37722,37722,"Elephant Island",2018,"champsocephalus_gunnari-channichthyidae",152.5,34
"403",37723,37723,"Elephant Island",2018,"champsocephalus_gunnari-channichthyidae",152.5,34
"404",37724,37724,"Elephant Island",2018,"champsocephalus_gunnari-channichthyidae",152.5,35
"405",37725,37725,"Elephant Island",2018,"champsocephalus_gunnari-channichthyidae",152.5,33
"406",37726,37726,"Elephant Island",2018,"champsocephalus_gunnari-channichthyidae",152.5,32
"407",37727,37727,"Elephant Island",2018,"champsocephalus_gunnari-channichthyidae",152.5,32
"408",37728,37728,"Elephant Island",2018,"champsocephalus_gunnari-channichthyidae",152.5,34
"409",37729,37729,"Elephant Island",2018,"champsocephalus_gunnari-channichthyidae",152.5,32
"410",37730,37730,"Elephant Island",2018,"champsocephalus_gunnari-channichthyidae",152.5,27
"411",37731,37731,"Elephant Island",2018,"champsocephalus_gunnari-channichthyidae",152.5,33
"412",37732,37732,"Elephant Island",2018,"champsocephalus_gunnari-channichthyidae",152.5,32
"413",37733,37733,"Elephant Island",2018,"champsocephalus_gunnari-channichthyidae",152.5,34
"414",37734,37734,"Elephant Island",2018,"champsocephalus_gunnari-channichthyidae",152.5,26
"415",37735,37735,"Elephant Island",2018,"champsocephalus_gunnari-channichthyidae",152.5,34
"416",37736,37736,"Elephant Island",2018,"champsocephalus_gunnari-channichthyidae",152.5,35
"417",37737,37737,"Elephant Island",2018,"champsocephalus_gunnari-channichthyidae",152.5,31
"418",37738,37738,"Elephant Island",2018,"champsocephalus_gunnari-channichthyidae",152.5,35
"419",37739,37739,"Elephant Island",2018,"champsocephalus_gunnari-channichthyidae",152.5,35
"420",37740,37740,"Elephant Island",2018,"champsocephalus_gunnari-channichthyidae",152.5,33
"421",37741,37741,"Elephant Island",2018,"champsocephalus_gunnari-channichthyidae",152.5,32
"422",37742,37742,"Elephant Island",2018,"champsocephalus_gunnari-channichthyidae",152.5,29
"423",37743,37743,"Elephant Island",2018,"champsocephalus_gunnari-channichthyidae",152.5,27
"424",37744,37744,"Elephant Island",2018,"champsocephalus_gunnari-channichthyidae",152.5,34
"425",37745,37745,"Elephant Island",2018,"champsocephalus_gunnari-channichthyidae",152.5,27
"426",37746,37746,"Elephant Island",2018,"champsocephalus_gunnari-channichthyidae",152.5,35
"427",37747,37747,"Elephant Island",2018,"champsocephalus_gunnari-channichthyidae",152.5,26
"428",37748,37748,"Elephant Island",2018,"champsocephalus_gunnari-channichthyidae",152.5,51
"429",37749,37749,"Elephant Island",2018,"champsocephalus_gunnari-channichthyidae",152.5,35
"430",37750,37750,"Elephant Island",2018,"champsocephalus_gunnari-channichthyidae",152.5,34
"431",37751,37751,"Elephant Island",2018,"champsocephalus_gunnari-channichthyidae",152.5,32
"432",37752,37752,"Elephant Island",2018,"champsocephalus_gunnari-channichthyidae",152.5,34
"433",37753,37753,"Elephant Island",2018,"champsocephalus_gunnari-channichthyidae",152.5,37
"434",37754,37754,"Elephant Island",2018,"champsocephalus_gunnari-channichthyidae",152.5,34
"435",37755,37755,"Elephant Island",2018,"champsocephalus_gunnari-channichthyidae",152.5,34
"436",37756,37756,"Elephant Island",2018,"champsocephalus_gunnari-channichthyidae",152.5,46
"437",37757,37757,"Elephant Island",2018,"champsocephalus_gunnari-channichthyidae",152.5,34
"438",37758,37758,"Elephant Island",2018,"champsocephalus_gunnari-channichthyidae",152.5,34
"439",37759,37759,"Elephant Island",2018,"champsocephalus_gunnari-channichthyidae",152.5,18
"440",37760,37760,"Elephant Island",2018,"chaenocephalus_aceratus-channichthyidae",123,50
"441",37761,37761,"Elephant Island",2018,"nototheniid_gobinotothen_gibberifrons",123,48
"442",37762,37762,"Elephant Island",2018,"notothenia_corriceps-nototheniidae",123,49
"443",37763,37763,"Elephant Island",2018,"lepi_nudi-trematominae",123,14
"444",37764,37764,"Elephant Island",2018,"lepi_nudi-trematominae",123,13
"445",37765,37765,"Elephant Island",2018,"cryodraco_antarcticus-channichthyidae",123,23
"446",37766,37766,"Elephant Island",2018,"cryodraco_antarcticus-channichthyidae",123,22
"447",37767,37767,"Elephant Island",2018,"champsocephalus_gunnari-channichthyidae",123,44
"448",37768,37768,"Elephant Island",2018,"champsocephalus_gunnari-channichthyidae",123,32
"449",37769,37769,"Elephant Island",2018,"champsocephalus_gunnari-channichthyidae",123,36
"450",37770,37770,"Elephant Island",2018,"champsocephalus_gunnari-channichthyidae",123,37
"451",37771,37771,"Elephant Island",2018,"champsocephalus_gunnari-channichthyidae",123,36
"452",37772,37772,"Elephant Island",2018,"champsocephalus_gunnari-channichthyidae",123,38
"453",37773,37773,"Elephant Island",2018,"champsocephalus_gunnari-channichthyidae",123,32
"454",37774,37774,"Elephant Island",2018,"champsocephalus_gunnari-channichthyidae",123,32
"455",37775,37775,"Elephant Island",2018,"champsocephalus_gunnari-channichthyidae",123,33
"456",37776,37776,"Elephant Island",2018,"champsocephalus_gunnari-channichthyidae",123,29
"457",37777,37777,"Elephant Island",2018,"champsocephalus_gunnari-channichthyidae",123,30
"458",37778,37778,"Elephant Island",2018,"champsocephalus_gunnari-channichthyidae",123,32
"459",37779,37779,"Elephant Island",2018,"champsocephalus_gunnari-channichthyidae",123,34
"460",37780,37780,"Elephant Island",2018,"champsocephalus_gunnari-channichthyidae",123,33
"461",37781,37781,"Elephant Island",2018,"champsocephalus_gunnari-channichthyidae",123,34
"462",37782,37782,"Elephant Island",2018,"champsocephalus_gunnari-channichthyidae",123,36
"463",37783,37783,"Elephant Island",2018,"champsocephalus_gunnari-channichthyidae",123,33
"464",37784,37784,"Elephant Island",2018,"champsocephalus_gunnari-channichthyidae",123,33
"465",37785,37785,"Elephant Island",2018,"champsocephalus_gunnari-channichthyidae",123,31
"466",37786,37786,"Elephant Island",2018,"champsocephalus_gunnari-channichthyidae",123,27
"467",37787,37787,"Elephant Island",2018,"champsocephalus_gunnari-channichthyidae",123,33
"468",37788,37788,"Elephant Island",2018,"champsocephalus_gunnari-channichthyidae",123,27
"469",37789,37789,"Elephant Island",2018,"champsocephalus_gunnari-channichthyidae",123,28
"470",37790,37790,"Elephant Island",2018,"champsocephalus_gunnari-channichthyidae",123,26
"471",37791,37791,"Elephant Island",2018,"champsocephalus_gunnari-channichthyidae",123,25
"472",37792,37792,"Elephant Island",2018,"champsocephalus_gunnari-channichthyidae",123,27
"473",37793,37793,"Elephant Island",2018,"champsocephalus_gunnari-channichthyidae",123,20
"474",37794,37794,"Elephant Island",2018,"champsocephalus_gunnari-channichthyidae",123,29
"475",37795,37795,"Elephant Island",2018,"champsocephalus_gunnari-channichthyidae",123,27
"476",37796,37796,"Elephant Island",2018,"champsocephalus_gunnari-channichthyidae",123,20
"477",37797,37797,"Elephant Island",2018,"champsocephalus_gunnari-channichthyidae",123,44
"478",37798,37798,"Elephant Island",2018,"champsocephalus_gunnari-channichthyidae",123,32
"479",37799,37799,"Elephant Island",2018,"champsocephalus_gunnari-channichthyidae",123,33
"480",37800,37800,"Elephant Island",2018,"champsocephalus_gunnari-channichthyidae",123,32
"481",37801,37801,"Elephant Island",2018,"champsocephalus_gunnari-channichthyidae",123,35
"482",37802,37802,"Elephant Island",2018,"champsocephalus_gunnari-channichthyidae",123,27
"483",37803,37803,"Elephant Island",2018,"champsocephalus_gunnari-channichthyidae",123,29
"484",37804,37804,"Elephant Island",2018,"champsocephalus_gunnari-channichthyidae",123,33
"485",37805,37805,"Elephant Island",2018,"champsocephalus_gunnari-channichthyidae",123,29
"486",37806,37806,"Elephant Island",2018,"champsocephalus_gunnari-channichthyidae",123,31
"487",37807,37807,"Elephant Island",2018,"champsocephalus_gunnari-channichthyidae",123,24
"488",37808,37808,"Elephant Island",2018,"champsocephalus_gunnari-channichthyidae",123,34
"489",37809,37809,"Elephant Island",2018,"champsocephalus_gunnari-channichthyidae",123,35
"490",37810,37810,"Elephant Island",2018,"champsocephalus_gunnari-channichthyidae",123,33
"491",37811,37811,"Elephant Island",2018,"champsocephalus_gunnari-channichthyidae",123,30
"492",37812,37812,"Elephant Island",2018,"champsocephalus_gunnari-channichthyidae",123,34
"493",37813,37813,"Elephant Island",2018,"champsocephalus_gunnari-channichthyidae",123,37
"494",37814,37814,"Elephant Island",2018,"champsocephalus_gunnari-channichthyidae",123,35
"495",37815,37815,"Elephant Island",2018,"champsocephalus_gunnari-channichthyidae",123,33
"496",37816,37816,"Elephant Island",2018,"champsocephalus_gunnari-channichthyidae",123,36
"497",37817,37817,"Elephant Island",2018,"champsocephalus_gunnari-channichthyidae",123,33
"498",37818,37818,"Elephant Island",2018,"champsocephalus_gunnari-channichthyidae",123,33
"499",37819,37819,"Elephant Island",2018,"champsocephalus_gunnari-channichthyidae",123,31
"500",37820,37820,"Elephant Island",2018,"champsocephalus_gunnari-channichthyidae",123,34
"501",37821,37821,"Elephant Island",2018,"champsocephalus_gunnari-channichthyidae",123,37
"502",37822,37822,"Elephant Island",2018,"champsocephalus_gunnari-channichthyidae",123,32
"503",37823,37823,"Elephant Island",2018,"champsocephalus_gunnari-channichthyidae",123,33
"504",37824,37824,"Elephant Island",2018,"champsocephalus_gunnari-channichthyidae",123,26
"505",37825,37825,"Elephant Island",2018,"champsocephalus_gunnari-channichthyidae",123,27
"506",37826,37826,"Elephant Island",2018,"champsocephalus_gunnari-channichthyidae",123,18
"777",38114,38114,"Elephant Island",2018,"champsocephalus_gunnari-channichthyidae",133.5,36
"778",38115,38115,"Elephant Island",2018,"champsocephalus_gunnari-channichthyidae",133.5,36
"779",38116,38116,"Elephant Island",2018,"champsocephalus_gunnari-channichthyidae",133.5,31
"780",38117,38117,"Elephant Island",2018,"champsocephalus_gunnari-channichthyidae",133.5,31
"781",38118,38118,"Elephant Island",2018,"champsocephalus_gunnari-channichthyidae",133.5,36
"782",38119,38119,"Elephant Island",2018,"champsocephalus_gunnari-channichthyidae",133.5,38
"783",38120,38120,"Elephant Island",2018,"champsocephalus_gunnari-channichthyidae",133.5,35
"784",38121,38121,"Elephant Island",2018,"champsocephalus_gunnari-channichthyidae",133.5,36
"785",38122,38122,"Elephant Island",2018,"champsocephalus_gunnari-channichthyidae",133.5,35
"786",38123,38123,"Elephant Island",2018,"champsocephalus_gunnari-channichthyidae",133.5,39
"787",38124,38124,"Elephant Island",2018,"champsocephalus_gunnari-channichthyidae",133.5,34
"788",38125,38125,"Elephant Island",2018,"champsocephalus_gunnari-channichthyidae",133.5,35
"789",38126,38126,"Elephant Island",2018,"champsocephalus_gunnari-channichthyidae",133.5,9
"790",38127,38127,"Elephant Island",2018,"champsocephalus_gunnari-channichthyidae",133.5,33
"791",38128,38128,"Elephant Island",2018,"champsocephalus_gunnari-channichthyidae",133.5,34
"792",38129,38129,"Elephant Island",2018,"champsocephalus_gunnari-channichthyidae",133.5,35
"793",38130,38130,"Elephant Island",2018,"champsocephalus_gunnari-channichthyidae",133.5,38
"794",38131,38131,"Elephant Island",2018,"champsocephalus_gunnari-channichthyidae",133.5,39
"795",38132,38132,"Elephant Island",2018,"champsocephalus_gunnari-channichthyidae",133.5,34
"796",38133,38133,"Elephant Island",2018,"champsocephalus_gunnari-channichthyidae",133.5,35
"797",38134,38134,"Elephant Island",2018,"champsocephalus_gunnari-channichthyidae",133.5,32
"798",38135,38135,"Elephant Island",2018,"champsocephalus_gunnari-channichthyidae",133.5,34
"799",38136,38136,"Elephant Island",2018,"champsocephalus_gunnari-channichthyidae",133.5,7
"800",38137,38137,"Elephant Island",2018,"champsocephalus_gunnari-channichthyidae",133.5,33
"801",38138,38138,"Elephant Island",2018,"champsocephalus_gunnari-channichthyidae",133.5,33
"802",38139,38139,"Elephant Island",2018,"champsocephalus_gunnari-channichthyidae",133.5,35
"803",38140,38140,"Elephant Island",2018,"champsocephalus_gunnari-channichthyidae",133.5,35
"804",38141,38141,"Elephant Island",2018,"champsocephalus_gunnari-channichthyidae",133.5,33
"805",38142,38142,"Elephant Island",2018,"champsocephalus_gunnari-channichthyidae",133.5,36
"806",38143,38143,"Elephant Island",2018,"champsocephalus_gunnari-channichthyidae",133.5,34
"807",38144,38144,"Elephant Island",2018,"champsocephalus_gunnari-channichthyidae",133.5,33
"808",38145,38145,"Elephant Island",2018,"champsocephalus_gunnari-channichthyidae",133.5,36
"809",38146,38146,"Elephant Island",2018,"champsocephalus_gunnari-channichthyidae",133.5,41
"810",38147,38147,"Elephant Island",2018,"champsocephalus_gunnari-channichthyidae",133.5,34
"811",38148,38148,"Elephant Island",2018,"champsocephalus_gunnari-channichthyidae",133.5,34
"812",38149,38149,"Elephant Island",2018,"champsocephalus_gunnari-channichthyidae",133.5,34
"813",38150,38150,"Elephant Island",2018,"champsocephalus_gunnari-channichthyidae",133.5,49
"814",38151,38151,"Elephant Island",2018,"champsocephalus_gunnari-channichthyidae",133.5,36
"815",38152,38152,"Elephant Island",2018,"champsocephalus_gunnari-channichthyidae",133.5,46
"816",38153,38153,"Elephant Island",2018,"champsocephalus_gunnari-channichthyidae",133.5,32
"817",38154,38154,"Elephant Island",2018,"champsocephalus_gunnari-channichthyidae",133.5,35
"818",38155,38155,"Elephant Island",2018,"champsocephalus_gunnari-channichthyidae",133.5,34
"819",38156,38156,"Elephant Island",2018,"champsocephalus_gunnari-channichthyidae",133.5,33
"820",38157,38157,"Elephant Island",2018,"champsocephalus_gunnari-channichthyidae",133.5,34
"821",38158,38158,"Elephant Island",2018,"champsocephalus_gunnari-channichthyidae",133.5,34
"822",38159,38159,"Elephant Island",2018,"champsocephalus_gunnari-channichthyidae",133.5,35
"823",38160,38160,"Elephant Island",2018,"champsocephalus_gunnari-channichthyidae",133.5,34
"824",38161,38161,"Elephant Island",2018,"champsocephalus_gunnari-channichthyidae",133.5,34
"825",38162,38162,"Elephant Island",2018,"champsocephalus_gunnari-channichthyidae",133.5,36
"826",38163,38163,"Elephant Island",2018,"champsocephalus_gunnari-channichthyidae",133.5,33
"827",38164,38164,"Elephant Island",2018,"champsocephalus_gunnari-channichthyidae",133.5,29
"828",38165,38165,"Elephant Island",2018,"champsocephalus_gunnari-channichthyidae",133.5,40
"829",38166,38166,"Elephant Island",2018,"champsocephalus_gunnari-channichthyidae",133.5,35
"830",38167,38167,"Elephant Island",2018,"champsocephalus_gunnari-channichthyidae",133.5,40
"831",38168,38168,"Elephant Island",2018,"champsocephalus_gunnari-channichthyidae",133.5,36
"832",38169,38169,"Elephant Island",2018,"champsocephalus_gunnari-channichthyidae",133.5,35
"833",38170,38170,"Elephant Island",2018,"champsocephalus_gunnari-channichthyidae",133.5,33
"834",38171,38171,"Elephant Island",2018,"champsocephalus_gunnari-channichthyidae",133.5,33
"835",38172,38172,"Elephant Island",2018,"champsocephalus_gunnari-channichthyidae",133.5,37
"836",38173,38173,"Elephant Island",2018,"champsocephalus_gunnari-channichthyidae",133.5,33
"837",38174,38174,"Elephant Island",2018,"notothenia_corriceps-nototheniidae",133.5,43
"838",38175,38175,"Elephant Island",2018,"notothenia_corriceps-nototheniidae",133.5,39
"839",38176,38176,"Elephant Island",2018,"notothenia_corriceps-nototheniidae",133.5,47
"840",38177,38177,"Elephant Island",2018,"notothenia_corriceps-nototheniidae",133.5,55
"841",38178,38178,"Elephant Island",2018,"notothenia_corriceps-nototheniidae",133.5,39
"842",38179,38179,"Elephant Island",2018,"notothenia_corriceps-nototheniidae",133.5,45
"843",38180,38180,"Elephant Island",2018,"notothenia_corriceps-nototheniidae",133.5,36
"844",38181,38181,"Elephant Island",2018,"chionodraco_rastrospinosus-channichthyidae",133.5,40
"845",38182,38182,"Elephant Island",2018,"chionodraco_rastrospinosus-channichthyidae",133.5,31
"846",38183,38183,"Elephant Island",2018,"chionodraco_rastrospinosus-channichthyidae",133.5,33
"847",38184,38184,"Elephant Island",2018,"chionodraco_rastrospinosus-channichthyidae",133.5,40
"848",38185,38185,"Elephant Island",2018,"chionodraco_rastrospinosus-channichthyidae",133.5,47
"849",38186,38186,"Elephant Island",2018,"chaenocephalus_aceratus-channichthyidae",133.5,51
"850",38189,38189,"Elephant Island",2018,"cryodraco_antarcticus-channichthyidae",133.5,24
"851",38190,38190,"Elephant Island",2018,"lepi_nudi-trematominae",133.5,16
"852",38191,38191,"Elephant Island",2018,"lepi_nudi-trematominae",133.5,11
"853",38192,38192,"Elephant Island",2018,"lepi_nudi-trematominae",133.5,11
"854",38193,38193,"Elephant Island",2018,"lepi_nudi-trematominae",133.5,15
"855",38194,38194,"Elephant Island",2018,"lepi_nudi-trematominae",133.5,14
"856",38195,38195,"Elephant Island",2018,"parachaenichthys_charcoti",133.5,30
"857",38196,38196,"Elephant Island",2018,"parachaenichthys_charcoti",133.5,24
"858",38257,38257,"Elephant Island",2018,"parachaenichthys_charcoti",178,39
"859",38258,38258,"Elephant Island",2018,"cryodraco_antarcticus-channichthyidae",178,20
"860",38259,38259,"Elephant Island",2018,"chaenocephalus_aceratus-channichthyidae",178,58
"861",38260,38260,"Elephant Island",2018,"chaenocephalus_aceratus-channichthyidae",178,40
"862",38261,38261,"Elephant Island",2018,"chaenocephalus_aceratus-channichthyidae",178,30
"863",38262,38262,"Elephant Island",2018,"chaenocephalus_aceratus-channichthyidae",178,66
"864",38263,38263,"Elephant Island",2018,"chaenocephalus_aceratus-channichthyidae",178,50
"865",38264,38264,"Elephant Island",2018,"chaenocephalus_aceratus-channichthyidae",178,46
"866",38265,38265,"Elephant Island",2018,"champsocephalus_gunnari-channichthyidae",178,33
"867",38266,38266,"Elephant Island",2018,"champsocephalus_gunnari-channichthyidae",178,45
"868",38267,38267,"Elephant Island",2018,"champsocephalus_gunnari-channichthyidae",178,35
"869",38268,38268,"Elephant Island",2018,"champsocephalus_gunnari-channichthyidae",178,48
"870",38269,38269,"Elephant Island",2018,"champsocephalus_gunnari-channichthyidae",178,38
"871",38270,38270,"Elephant Island",2018,"champsocephalus_gunnari-channichthyidae",178,46
"872",38271,38271,"Elephant Island",2018,"champsocephalus_gunnari-channichthyidae",178,34
"873",38272,38272,"Elephant Island",2018,"champsocephalus_gunnari-channichthyidae",178,34
"874",38273,38273,"Elephant Island",2018,"champsocephalus_gunnari-channichthyidae",178,34
"875",38274,38274,"Elephant Island",2018,"champsocephalus_gunnari-channichthyidae",178,40
"876",38275,38275,"Elephant Island",2018,"champsocephalus_gunnari-channichthyidae",178,33
"877",38276,38276,"Elephant Island",2018,"champsocephalus_gunnari-channichthyidae",178,32
"878",38277,38277,"Elephant Island",2018,"champsocephalus_gunnari-channichthyidae",178,32
"879",38278,38278,"Elephant Island",2018,"champsocephalus_gunnari-channichthyidae",178,33
"880",38279,38279,"Elephant Island",2018,"champsocephalus_gunnari-channichthyidae",178,33
"881",38280,38280,"Elephant Island",2018,"champsocephalus_gunnari-channichthyidae",178,32
"882",38281,38281,"Elephant Island",2018,"champsocephalus_gunnari-channichthyidae",178,31
"883",38282,38282,"Elephant Island",2018,"champsocephalus_gunnari-channichthyidae",178,36
"884",38283,38283,"Elephant Island",2018,"champsocephalus_gunnari-channichthyidae",178,32
"885",38284,38284,"Elephant Island",2018,"champsocephalus_gunnari-channichthyidae",178,32
"886",38285,38285,"Elephant Island",2018,"champsocephalus_gunnari-channichthyidae",178,35
"887",38286,38286,"Elephant Island",2018,"champsocephalus_gunnari-channichthyidae",178,35
"888",38287,38287,"Elephant Island",2018,"champsocephalus_gunnari-channichthyidae",178,34
"889",38288,38288,"Elephant Island",2018,"champsocephalus_gunnari-channichthyidae",178,34
"890",38289,38289,"Elephant Island",2018,"champsocephalus_gunnari-channichthyidae",178,47
"891",38290,38290,"Elephant Island",2018,"champsocephalus_gunnari-channichthyidae",178,34
"892",38291,38291,"Elephant Island",2018,"champsocephalus_gunnari-channichthyidae",178,49
"893",38292,38292,"Elephant Island",2018,"champsocephalus_gunnari-channichthyidae",178,33
"894",38293,38293,"Elephant Island",2018,"champsocephalus_gunnari-channichthyidae",178,33
"895",38294,38294,"Elephant Island",2018,"champsocephalus_gunnari-channichthyidae",178,34
"1",37154,37154,"Elephant Island",2018,"chaenocephalus_aceratus-channichthyidae",279.5,55
"2",37155,37155,"Elephant Island",2018,"chaenocephalus_aceratus-channichthyidae",279.5,19
"3",37156,37156,"Elephant Island",2018,"chaenocephalus_aceratus-channichthyidae",279.5,27
"4",37157,37157,"Elephant Island",2018,"parachaenichthys_charcoti",279.5,19
"5",37158,37158,"Elephant Island",2018,"champsocephalus_gunnari-channichthyidae",279.5,46
"16",37302,37302,"Elephant Island",2018,"champsocephalus_gunnari-channichthyidae",255,51
"17",37303,37303,"Elephant Island",2018,"champsocephalus_gunnari-channichthyidae",255,51
"18",37304,37304,"Elephant Island",2018,"champsocephalus_gunnari-channichthyidae",255,49
"19",37305,37305,"Elephant Island",2018,"champsocephalus_gunnari-channichthyidae",255,50
"20",37306,37306,"Elephant Island",2018,"champsocephalus_gunnari-channichthyidae",255,50
"21",37307,37307,"Elephant Island",2018,"champsocephalus_gunnari-channichthyidae",255,51
"22",37308,37308,"Elephant Island",2018,"champsocephalus_gunnari-channichthyidae",255,49
"23",37309,37309,"Elephant Island",2018,"champsocephalus_gunnari-channichthyidae",255,32
"24",37310,37310,"Elephant Island",2018,"champsocephalus_gunnari-channichthyidae",255,46
"25",37311,37311,"Elephant Island",2018,"champsocephalus_gunnari-channichthyidae",255,52
"26",37312,37312,"Elephant Island",2018,"champsocephalus_gunnari-channichthyidae",255,50
"27",37313,37313,"Elephant Island",2018,"champsocephalus_gunnari-channichthyidae",255,51
"28",37314,37314,"Elephant Island",2018,"champsocephalus_gunnari-channichthyidae",255,46
"29",37315,37315,"Elephant Island",2018,"champsocephalus_gunnari-channichthyidae",255,47
"30",37316,37316,"Elephant Island",2018,"champsocephalus_gunnari-channichthyidae",255,32
"31",37317,37317,"Elephant Island",2018,"champsocephalus_gunnari-channichthyidae",255,49
"32",37318,37318,"Elephant Island",2018,"champsocephalus_gunnari-channichthyidae",255,48
"33",37319,37319,"Elephant Island",2018,"champsocephalus_gunnari-channichthyidae",255,49
"34",37320,37320,"Elephant Island",2018,"champsocephalus_gunnari-channichthyidae",255,31
"35",37321,37321,"Elephant Island",2018,"champsocephalus_gunnari-channichthyidae",255,32
"36",37322,37322,"Elephant Island",2018,"champsocephalus_gunnari-channichthyidae",255,48
"37",37323,37323,"Elephant Island",2018,"champsocephalus_gunnari-channichthyidae",255,50
"38",37324,37324,"Elephant Island",2018,"champsocephalus_gunnari-channichthyidae",255,36
"39",37325,37325,"Elephant Island",2018,"champsocephalus_gunnari-channichthyidae",255,49
"40",37326,37326,"Elephant Island",2018,"champsocephalus_gunnari-channichthyidae",255,52
"41",37327,37327,"Elephant Island",2018,"champsocephalus_gunnari-channichthyidae",255,52
"42",37328,37328,"Elephant Island",2018,"champsocephalus_gunnari-channichthyidae",255,36
"43",37329,37329,"Elephant Island",2018,"champsocephalus_gunnari-channichthyidae",255,31
"44",37330,37330,"Elephant Island",2018,"champsocephalus_gunnari-channichthyidae",255,33
"45",37331,37331,"Elephant Island",2018,"champsocephalus_gunnari-channichthyidae",255,50
"46",37332,37332,"Elephant Island",2018,"champsocephalus_gunnari-channichthyidae",255,46
"47",37333,37333,"Elephant Island",2018,"champsocephalus_gunnari-channichthyidae",255,47
"48",37334,37334,"Elephant Island",2018,"champsocephalus_gunnari-channichthyidae",255,51
"49",37335,37335,"Elephant Island",2018,"champsocephalus_gunnari-channichthyidae",255,44
"50",37336,37336,"Elephant Island",2018,"champsocephalus_gunnari-channichthyidae",255,49
"51",37337,37337,"Elephant Island",2018,"champsocephalus_gunnari-channichthyidae",255,52
"52",37338,37338,"Elephant Island",2018,"champsocephalus_gunnari-channichthyidae",255,50
"53",37339,37339,"Elephant Island",2018,"champsocephalus_gunnari-channichthyidae",255,51
"54",37340,37340,"Elephant Island",2018,"champsocephalus_gunnari-channichthyidae",255,48
"55",37341,37341,"Elephant Island",2018,"champsocephalus_gunnari-channichthyidae",255,36
"56",37342,37342,"Elephant Island",2018,"champsocephalus_gunnari-channichthyidae",255,48
"57",37343,37343,"Elephant Island",2018,"champsocephalus_gunnari-channichthyidae",255,50
"58",37344,37344,"Elephant Island",2018,"champsocephalus_gunnari-channichthyidae",255,51
"59",37345,37345,"Elephant Island",2018,"champsocephalus_gunnari-channichthyidae",255,48
"60",37346,37346,"Elephant Island",2018,"champsocephalus_gunnari-channichthyidae",255,50
"61",37347,37347,"Elephant Island",2018,"champsocephalus_gunnari-channichthyidae",255,48
"62",37348,37348,"Elephant Island",2018,"champsocephalus_gunnari-channichthyidae",255,49
"63",37349,37349,"Elephant Island",2018,"champsocephalus_gunnari-channichthyidae",255,48
"64",37350,37350,"Elephant Island",2018,"champsocephalus_gunnari-channichthyidae",255,47
"65",37351,37351,"Elephant Island",2018,"champsocephalus_gunnari-channichthyidae",255,51
"66",37352,37352,"Elephant Island",2018,"champsocephalus_gunnari-channichthyidae",255,45
"67",37353,37353,"Elephant Island",2018,"champsocephalus_gunnari-channichthyidae",255,33
"68",37354,37354,"Elephant Island",2018,"champsocephalus_gunnari-channichthyidae",255,34
"69",37355,37355,"Elephant Island",2018,"champsocephalus_gunnari-channichthyidae",255,32
"70",37356,37356,"Elephant Island",2018,"champsocephalus_gunnari-channichthyidae",255,33
"71",37357,37357,"Elephant Island",2018,"champsocephalus_gunnari-channichthyidae",255,48
"72",37358,37358,"Elephant Island",2018,"champsocephalus_gunnari-channichthyidae",255,48
"73",37359,37359,"Elephant Island",2018,"champsocephalus_gunnari-channichthyidae",255,48
"74",37360,37360,"Elephant Island",2018,"champsocephalus_gunnari-channichthyidae",255,48
"75",37361,37361,"Elephant Island",2018,"champsocephalus_gunnari-channichthyidae",255,49
"76",37362,37362,"Elephant Island",2018,"nototheniid_dissostichus_mawsoni",255,66
"77",37363,37363,"Elephant Island",2018,"chaenocephalus_aceratus-channichthyidae",255,48
"78",37364,37364,"Elephant Island",2018,"parachaenichthys_charcoti",255,35
"79",37365,37365,"Elephant Island",2018,"lepi_lars-trematominae",255,19
"80",37366,37366,"Elephant Island",2018,"champsocephalus_gunnari-channichthyidae",255,51
"81",37367,37367,"Elephant Island",2018,"champsocephalus_gunnari-channichthyidae",255,51
"82",37368,37368,"Elephant Island",2018,"champsocephalus_gunnari-channichthyidae",255,49
"83",37369,37369,"Elephant Island",2018,"champsocephalus_gunnari-channichthyidae",255,50
"84",37370,37370,"Elephant Island",2018,"champsocephalus_gunnari-channichthyidae",255,50
"85",37371,37371,"Elephant Island",2018,"champsocephalus_gunnari-channichthyidae",255,51
"86",37372,37372,"Elephant Island",2018,"champsocephalus_gunnari-channichthyidae",255,49
"87",37373,37373,"Elephant Island",2018,"champsocephalus_gunnari-channichthyidae",255,32
"88",37374,37374,"Elephant Island",2018,"champsocephalus_gunnari-channichthyidae",255,46
"89",37375,37375,"Elephant Island",2018,"champsocephalus_gunnari-channichthyidae",255,52
"90",37376,37376,"Elephant Island",2018,"champsocephalus_gunnari-channichthyidae",255,50
"91",37377,37377,"Elephant Island",2018,"champsocephalus_gunnari-channichthyidae",255,51
"92",37378,37378,"Elephant Island",2018,"champsocephalus_gunnari-channichthyidae",255,46
"93",37379,37379,"Elephant Island",2018,"champsocephalus_gunnari-channichthyidae",255,47
"94",37380,37380,"Elephant Island",2018,"champsocephalus_gunnari-channichthyidae",255,32
"95",37381,37381,"Elephant Island",2018,"champsocephalus_gunnari-channichthyidae",255,49
"96",37382,37382,"Elephant Island",2018,"champsocephalus_gunnari-channichthyidae",255,48
"97",37383,37383,"Elephant Island",2018,"champsocephalus_gunnari-channichthyidae",255,49
"98",37384,37384,"Elephant Island",2018,"champsocephalus_gunnari-channichthyidae",255,31
"99",37385,37385,"Elephant Island",2018,"champsocephalus_gunnari-channichthyidae",255,32
"100",37386,37386,"Elephant Island",2018,"champsocephalus_gunnari-channichthyidae",255,48
"101",37387,37387,"Elephant Island",2018,"champsocephalus_gunnari-channichthyidae",255,50
"102",37388,37388,"Elephant Island",2018,"champsocephalus_gunnari-channichthyidae",255,36
"103",37389,37389,"Elephant Island",2018,"champsocephalus_gunnari-channichthyidae",255,49
"104",37390,37390,"Elephant Island",2018,"champsocephalus_gunnari-channichthyidae",255,52
"105",37391,37391,"Elephant Island",2018,"champsocephalus_gunnari-channichthyidae",255,52
"106",37392,37392,"Elephant Island",2018,"champsocephalus_gunnari-channichthyidae",255,36
"107",37393,37393,"Elephant Island",2018,"champsocephalus_gunnari-channichthyidae",255,31
"108",37394,37394,"Elephant Island",2018,"champsocephalus_gunnari-channichthyidae",255,33
"109",37395,37395,"Elephant Island",2018,"champsocephalus_gunnari-channichthyidae",255,50
"110",37396,37396,"Elephant Island",2018,"champsocephalus_gunnari-channichthyidae",255,46
"111",37397,37397,"Elephant Island",2018,"champsocephalus_gunnari-channichthyidae",255,47
"112",37398,37398,"Elephant Island",2018,"champsocephalus_gunnari-channichthyidae",255,51
"113",37399,37399,"Elephant Island",2018,"champsocephalus_gunnari-channichthyidae",255,44
"114",37400,37400,"Elephant Island",2018,"champsocephalus_gunnari-channichthyidae",255,49
"115",37401,37401,"Elephant Island",2018,"champsocephalus_gunnari-channichthyidae",255,52
"116",37402,37402,"Elephant Island",2018,"champsocephalus_gunnari-channichthyidae",255,50
"117",37403,37403,"Elephant Island",2018,"champsocephalus_gunnari-channichthyidae",255,51
"118",37404,37404,"Elephant Island",2018,"champsocephalus_gunnari-channichthyidae",255,48
"119",37405,37405,"Elephant Island",2018,"champsocephalus_gunnari-channichthyidae",255,36
"120",37406,37406,"Elephant Island",2018,"champsocephalus_gunnari-channichthyidae",255,48
"121",37407,37407,"Elephant Island",2018,"champsocephalus_gunnari-channichthyidae",255,50
"122",37408,37408,"Elephant Island",2018,"champsocephalus_gunnari-channichthyidae",255,51
"123",37409,37409,"Elephant Island",2018,"champsocephalus_gunnari-channichthyidae",255,48
"124",37410,37410,"Elephant Island",2018,"champsocephalus_gunnari-channichthyidae",255,50
"125",37411,37411,"Elephant Island",2018,"champsocephalus_gunnari-channichthyidae",255,48
"126",37412,37412,"Elephant Island",2018,"champsocephalus_gunnari-channichthyidae",255,49
"127",37413,37413,"Elephant Island",2018,"champsocephalus_gunnari-channichthyidae",255,48
"128",37414,37414,"Elephant Island",2018,"champsocephalus_gunnari-channichthyidae",255,47
"129",37415,37415,"Elephant Island",2018,"champsocephalus_gunnari-channichthyidae",255,51
"130",37416,37416,"Elephant Island",2018,"champsocephalus_gunnari-channichthyidae",255,45
"131",37417,37417,"Elephant Island",2018,"champsocephalus_gunnari-channichthyidae",255,33
"132",37418,37418,"Elephant Island",2018,"champsocephalus_gunnari-channichthyidae",255,34
"133",37419,37419,"Elephant Island",2018,"champsocephalus_gunnari-channichthyidae",255,32
"134",37420,37420,"Elephant Island",2018,"champsocephalus_gunnari-channichthyidae",255,33
"135",37421,37421,"Elephant Island",2018,"champsocephalus_gunnari-channichthyidae",255,48
"136",37422,37422,"Elephant Island",2018,"champsocephalus_gunnari-channichthyidae",255,48
"137",37423,37423,"Elephant Island",2018,"champsocephalus_gunnari-channichthyidae",255,48
"138",37424,37424,"Elephant Island",2018,"champsocephalus_gunnari-channichthyidae",255,48
"139",37425,37425,"Elephant Island",2018,"champsocephalus_gunnari-channichthyidae",255,49
"140",37426,37426,"Elephant Island",2018,"champsocephalus_gunnari-channichthyidae",239,29
"141",37427,37427,"Elephant Island",2018,"champsocephalus_gunnari-channichthyidae",239,31
"142",37428,37428,"Elephant Island",2018,"champsocephalus_gunnari-channichthyidae",239,31
"143",37429,37429,"Elephant Island",2018,"champsocephalus_gunnari-channichthyidae",239,29
"144",37430,37430,"Elephant Island",2018,"champsocephalus_gunnari-channichthyidae",239,34
"145",37431,37431,"Elephant Island",2018,"champsocephalus_gunnari-channichthyidae",239,35
"146",37432,37432,"Elephant Island",2018,"champsocephalus_gunnari-channichthyidae",239,30
"147",37433,37433,"Elephant Island",2018,"champsocephalus_gunnari-channichthyidae",239,32
"148",37434,37434,"Elephant Island",2018,"champsocephalus_gunnari-channichthyidae",239,33
"149",37435,37435,"Elephant Island",2018,"champsocephalus_gunnari-channichthyidae",239,31
"150",37436,37436,"Elephant Island",2018,"champsocephalus_gunnari-channichthyidae",239,33
"151",37437,37437,"Elephant Island",2018,"champsocephalus_gunnari-channichthyidae",239,29
"152",37438,37438,"Elephant Island",2018,"champsocephalus_gunnari-channichthyidae",239,51
"153",37439,37439,"Elephant Island",2018,"champsocephalus_gunnari-channichthyidae",239,50
"154",37440,37440,"Elephant Island",2018,"champsocephalus_gunnari-channichthyidae",239,50
"155",37441,37441,"Elephant Island",2018,"champsocephalus_gunnari-channichthyidae",239,47
"156",37442,37442,"Elephant Island",2018,"champsocephalus_gunnari-channichthyidae",239,46
"157",37443,37443,"Elephant Island",2018,"champsocephalus_gunnari-channichthyidae",239,51
"158",37444,37444,"Elephant Island",2018,"champsocephalus_gunnari-channichthyidae",239,49
"159",37445,37445,"Elephant Island",2018,"champsocephalus_gunnari-channichthyidae",239,49
"160",37446,37446,"Elephant Island",2018,"champsocephalus_gunnari-channichthyidae",239,35
"161",37447,37447,"Elephant Island",2018,"champsocephalus_gunnari-channichthyidae",239,33
"162",37448,37448,"Elephant Island",2018,"champsocephalus_gunnari-channichthyidae",239,32
"163",37449,37449,"Elephant Island",2018,"champsocephalus_gunnari-channichthyidae",239,33
"164",37450,37450,"Elephant Island",2018,"champsocephalus_gunnari-channichthyidae",239,49
"165",37451,37451,"Elephant Island",2018,"champsocephalus_gunnari-channichthyidae",239,31
"166",37452,37452,"Elephant Island",2018,"champsocephalus_gunnari-channichthyidae",239,34
"167",37453,37453,"Elephant Island",2018,"champsocephalus_gunnari-channichthyidae",239,55
"168",37454,37454,"Elephant Island",2018,"champsocephalus_gunnari-channichthyidae",239,33
"169",37455,37455,"Elephant Island",2018,"champsocephalus_gunnari-channichthyidae",239,46
"170",37456,37456,"Elephant Island",2018,"champsocephalus_gunnari-channichthyidae",239,30
"171",37457,37457,"Elephant Island",2018,"champsocephalus_gunnari-channichthyidae",239,36
"172",37458,37458,"Elephant Island",2018,"champsocephalus_gunnari-channichthyidae",239,34
"173",37459,37459,"Elephant Island",2018,"champsocephalus_gunnari-channichthyidae",239,32
"174",37460,37460,"Elephant Island",2018,"champsocephalus_gunnari-channichthyidae",239,38
"175",37461,37461,"Elephant Island",2018,"champsocephalus_gunnari-channichthyidae",239,32
"176",37462,37462,"Elephant Island",2018,"champsocephalus_gunnari-channichthyidae",239,51
"177",37463,37463,"Elephant Island",2018,"champsocephalus_gunnari-channichthyidae",239,34
"178",37464,37464,"Elephant Island",2018,"champsocephalus_gunnari-channichthyidae",239,37
"179",37465,37465,"Elephant Island",2018,"champsocephalus_gunnari-channichthyidae",239,34
"180",37466,37466,"Elephant Island",2018,"champsocephalus_gunnari-channichthyidae",239,36
"181",37467,37467,"Elephant Island",2018,"champsocephalus_gunnari-channichthyidae",239,36
"182",37468,37468,"Elephant Island",2018,"champsocephalus_gunnari-channichthyidae",239,48
"183",37469,37469,"Elephant Island",2018,"champsocephalus_gunnari-channichthyidae",239,35
"184",37470,37470,"Elephant Island",2018,"champsocephalus_gunnari-channichthyidae",239,33
"185",37471,37471,"Elephant Island",2018,"champsocephalus_gunnari-channichthyidae",239,52
"186",37472,37472,"Elephant Island",2018,"champsocephalus_gunnari-channichthyidae",239,49
"187",37473,37473,"Elephant Island",2018,"champsocephalus_gunnari-channichthyidae",239,51
"188",37474,37474,"Elephant Island",2018,"champsocephalus_gunnari-channichthyidae",239,30
"189",37475,37475,"Elephant Island",2018,"champsocephalus_gunnari-channichthyidae",239,30
"190",37476,37476,"Elephant Island",2018,"champsocephalus_gunnari-channichthyidae",239,34
"191",37477,37477,"Elephant Island",2018,"champsocephalus_gunnari-channichthyidae",239,34
"192",37478,37478,"Elephant Island",2018,"champsocephalus_gunnari-channichthyidae",239,32
"193",37479,37479,"Elephant Island",2018,"champsocephalus_gunnari-channichthyidae",239,34
"194",37480,37480,"Elephant Island",2018,"champsocephalus_gunnari-channichthyidae",239,32
"195",37481,37481,"Elephant Island",2018,"champsocephalus_gunnari-channichthyidae",239,51
"196",37482,37482,"Elephant Island",2018,"champsocephalus_gunnari-channichthyidae",239,35
"197",37483,37483,"Elephant Island",2018,"champsocephalus_gunnari-channichthyidae",239,49
"198",37484,37484,"Elephant Island",2018,"champsocephalus_gunnari-channichthyidae",239,30
"199",37485,37485,"Elephant Island",2018,"champsocephalus_gunnari-channichthyidae",239,33
"200",37486,37486,"Elephant Island",2018,"champsocephalus_gunnari-channichthyidae",239,33
"201",37487,37487,"Elephant Island",2018,"champsocephalus_gunnari-channichthyidae",239,31
"202",37488,37488,"Elephant Island",2018,"champsocephalus_gunnari-channichthyidae",239,34
"203",37489,37489,"Elephant Island",2018,"champsocephalus_gunnari-channichthyidae",239,32
"204",37490,37490,"Elephant Island",2018,"champsocephalus_gunnari-channichthyidae",239,33
"205",37491,37491,"Elephant Island",2018,"champsocephalus_gunnari-channichthyidae",239,51
"206",37492,37492,"Elephant Island",2018,"champsocephalus_gunnari-channichthyidae",239,32
"207",37493,37493,"Elephant Island",2018,"champsocephalus_gunnari-channichthyidae",239,32
"208",37494,37494,"Elephant Island",2018,"champsocephalus_gunnari-channichthyidae",239,36
"209",37495,37495,"Elephant Island",2018,"champsocephalus_gunnari-channichthyidae",239,33
"210",37496,37496,"Elephant Island",2018,"champsocephalus_gunnari-channichthyidae",239,50
"211",37497,37497,"Elephant Island",2018,"champsocephalus_gunnari-channichthyidae",239,50
"212",37498,37498,"Elephant Island",2018,"champsocephalus_gunnari-channichthyidae",239,38
"213",37499,37499,"Elephant Island",2018,"champsocephalus_gunnari-channichthyidae",239,36
"214",37500,37500,"Elephant Island",2018,"champsocephalus_gunnari-channichthyidae",239,33
"215",37501,37501,"Elephant Island",2018,"champsocephalus_gunnari-channichthyidae",239,50
"216",37502,37502,"Elephant Island",2018,"champsocephalus_gunnari-channichthyidae",239,31
"217",37503,37503,"Elephant Island",2018,"champsocephalus_gunnari-channichthyidae",239,36
"218",37504,37504,"Elephant Island",2018,"champsocephalus_gunnari-channichthyidae",239,35
"219",37505,37505,"Elephant Island",2018,"champsocephalus_gunnari-channichthyidae",239,33
"220",37506,37506,"Elephant Island",2018,"champsocephalus_gunnari-channichthyidae",239,34
"221",37507,37507,"Elephant Island",2018,"champsocephalus_gunnari-channichthyidae",239,31
"222",37508,37508,"Elephant Island",2018,"champsocephalus_gunnari-channichthyidae",239,34
"223",37509,37509,"Elephant Island",2018,"champsocephalus_gunnari-channichthyidae",239,33
"224",37510,37510,"Elephant Island",2018,"champsocephalus_gunnari-channichthyidae",239,33
"225",37511,37511,"Elephant Island",2018,"champsocephalus_gunnari-channichthyidae",239,36
"226",37512,37512,"Elephant Island",2018,"champsocephalus_gunnari-channichthyidae",239,30
"227",37513,37513,"Elephant Island",2018,"champsocephalus_gunnari-channichthyidae",239,36
"228",37514,37514,"Elephant Island",2018,"champsocephalus_gunnari-channichthyidae",239,32
"229",37515,37515,"Elephant Island",2018,"champsocephalus_gunnari-channichthyidae",239,33
"230",37546,37546,"Elephant Island",2018,"chaenocephalus_aceratus-channichthyidae",239,61
"231",37547,37547,"Elephant Island",2018,"chaenocephalus_aceratus-channichthyidae",239,56
"232",37548,37548,"Elephant Island",2018,"chaenocephalus_aceratus-channichthyidae",239,56
"233",37549,37549,"Elephant Island",2018,"chaenocephalus_aceratus-channichthyidae",239,62
"234",37550,37550,"Elephant Island",2018,"chaenocephalus_aceratus-channichthyidae",239,64
"235",37551,37551,"Elephant Island",2018,"chaenocephalus_aceratus-channichthyidae",239,68
"236",37552,37552,"Elephant Island",2018,"chaenocephalus_aceratus-channichthyidae",239,45
"237",37553,37553,"Elephant Island",2018,"chaenocephalus_aceratus-channichthyidae",239,50
"238",37554,37554,"Elephant Island",2018,"chaenocephalus_aceratus-channichthyidae",239,55
"239",37555,37555,"Elephant Island",2018,"chaenocephalus_aceratus-channichthyidae",239,59
"240",37556,37556,"Elephant Island",2018,"chaenocephalus_aceratus-channichthyidae",239,55
"241",37557,37557,"Elephant Island",2018,"chaenocephalus_aceratus-channichthyidae",239,47
"242",37558,37558,"Elephant Island",2018,"chaenocephalus_aceratus-channichthyidae",239,60
"243",37559,37559,"Elephant Island",2018,"chaenocephalus_aceratus-channichthyidae",239,63
"244",37560,37560,"Elephant Island",2018,"chaenocephalus_aceratus-channichthyidae",239,42
"245",37561,37561,"Elephant Island",2018,"chaenocephalus_aceratus-channichthyidae",239,52
"246",37562,37562,"Elephant Island",2018,"chaenocephalus_aceratus-channichthyidae",239,57
"247",37563,37563,"Elephant Island",2018,"chaenocephalus_aceratus-channichthyidae",239,50
"248",37564,37564,"Elephant Island",2018,"chaenocephalus_aceratus-channichthyidae",239,51
"249",37565,37565,"Elephant Island",2018,"chaenocephalus_aceratus-channichthyidae",239,64
"250",37566,37566,"Elephant Island",2018,"chaenocephalus_aceratus-channichthyidae",239,52
"251",37567,37567,"Elephant Island",2018,"chaenocephalus_aceratus-channichthyidae",239,46
"252",37568,37568,"Elephant Island",2018,"chaenocephalus_aceratus-channichthyidae",239,58
"253",37569,37569,"Elephant Island",2018,"chaenocephalus_aceratus-channichthyidae",239,46
"254",37570,37570,"Elephant Island",2018,"chaenocephalus_aceratus-channichthyidae",239,56
"255",37571,37571,"Elephant Island",2018,"chaenocephalus_aceratus-channichthyidae",239,47
"256",37572,37572,"Elephant Island",2018,"chaenocephalus_aceratus-channichthyidae",239,50
"257",37573,37573,"Elephant Island",2018,"chaenocephalus_aceratus-channichthyidae",239,58
"258",37574,37574,"Elephant Island",2018,"chaenocephalus_aceratus-channichthyidae",239,54
"259",37575,37575,"Elephant Island",2018,"chaenocephalus_aceratus-channichthyidae",239,57
"260",37576,37576,"Elephant Island",2018,"nototheniid_gobinotothen_gibberifrons",239,34
"261",37577,37577,"Elephant Island",2018,"nototheniid_gobinotothen_gibberifrons",239,35
"262",37578,37578,"Elephant Island",2018,"nototheniid_gobinotothen_gibberifrons",239,33
"263",37579,37579,"Elephant Island",2018,"nototheniid_gobinotothen_gibberifrons",239,33
"264",37580,37580,"Elephant Island",2018,"nototheniid_gobinotothen_gibberifrons",239,34
"265",37581,37581,"Elephant Island",2018,"nototheniid_gobinotothen_gibberifrons",239,33
"266",37582,37582,"Elephant Island",2018,"nototheniid_gobinotothen_gibberifrons",239,34
"267",37583,37583,"Elephant Island",2018,"nototheniid_gobinotothen_gibberifrons",239,35
"268",37584,37584,"Elephant Island",2018,"nototheniid_gobinotothen_gibberifrons",239,34
"269",37585,37585,"Elephant Island",2018,"nototheniid_gobinotothen_gibberifrons",239,33
"270",37586,37586,"Elephant Island",2018,"nototheniid_gobinotothen_gibberifrons",239,32
"271",37587,37587,"Elephant Island",2018,"lepi_nudi-trematominae",239,20
"896",38372,38372,"Elephant Island",2018,"champsocephalus_gunnari-channichthyidae",245,36
"897",38373,38373,"Elephant Island",2018,"champsocephalus_gunnari-channichthyidae",245,32
"898",38374,38374,"Elephant Island",2018,"champsocephalus_gunnari-channichthyidae",245,31
"899",38375,38375,"Elephant Island",2018,"champsocephalus_gunnari-channichthyidae",245,33
"900",38376,38376,"Elephant Island",2018,"champsocephalus_gunnari-channichthyidae",245,32
"901",38377,38377,"Elephant Island",2018,"champsocephalus_gunnari-channichthyidae",245,28
"902",38378,38378,"Elephant Island",2018,"champsocephalus_gunnari-channichthyidae",245,32
"903",38379,38379,"Elephant Island",2018,"champsocephalus_gunnari-channichthyidae",245,47
"547",37879,37879,"Elephant Island",2018,"champsocephalus_gunnari-channichthyidae",367.5,53
"548",37880,37880,"Elephant Island",2018,"champsocephalus_gunnari-channichthyidae",367.5,48
"549",37881,37881,"Elephant Island",2018,"champsocephalus_gunnari-channichthyidae",367.5,44
"550",37882,37882,"Elephant Island",2018,"champsocephalus_gunnari-channichthyidae",367.5,49
"551",37883,37883,"Elephant Island",2018,"champsocephalus_gunnari-channichthyidae",367.5,49
"552",37884,37884,"Elephant Island",2018,"champsocephalus_gunnari-channichthyidae",367.5,49
"553",37885,37885,"Elephant Island",2018,"champsocephalus_gunnari-channichthyidae",367.5,50
"554",37886,37886,"Elephant Island",2018,"champsocephalus_gunnari-channichthyidae",367.5,46
"555",37887,37887,"Elephant Island",2018,"champsocephalus_gunnari-channichthyidae",367.5,44
"556",37888,37888,"Elephant Island",2018,"champsocephalus_gunnari-channichthyidae",367.5,32
"557",37889,37889,"Elephant Island",2018,"champsocephalus_gunnari-channichthyidae",367.5,51
"558",37890,37890,"Elephant Island",2018,"champsocephalus_gunnari-channichthyidae",367.5,49
"559",37891,37891,"Elephant Island",2018,"champsocephalus_gunnari-channichthyidae",367.5,50
"560",37892,37892,"Elephant Island",2018,"champsocephalus_gunnari-channichthyidae",367.5,46
"561",37893,37893,"Elephant Island",2018,"champsocephalus_gunnari-channichthyidae",367.5,49
"562",37894,37894,"Elephant Island",2018,"champsocephalus_gunnari-channichthyidae",367.5,47
"563",37895,37895,"Elephant Island",2018,"champsocephalus_gunnari-channichthyidae",367.5,50
"564",37896,37896,"Elephant Island",2018,"champsocephalus_gunnari-channichthyidae",367.5,49
"565",37897,37897,"Elephant Island",2018,"champsocephalus_gunnari-channichthyidae",367.5,46
"566",37898,37898,"Elephant Island",2018,"champsocephalus_gunnari-channichthyidae",367.5,47
"567",37899,37899,"Elephant Island",2018,"chaenocephalus_aceratus-channichthyidae",367.5,45
"568",37900,37900,"Elephant Island",2018,"chaenocephalus_aceratus-channichthyidae",367.5,59
"569",37901,37901,"Elephant Island",2018,"chaenocephalus_aceratus-channichthyidae",367.5,45
"570",37902,37902,"Elephant Island",2018,"chaenocephalus_aceratus-channichthyidae",367.5,50
"571",37903,37903,"Elephant Island",2018,"chaenocephalus_aceratus-channichthyidae",367.5,55
"572",37904,37904,"Elephant Island",2018,"chaenocephalus_aceratus-channichthyidae",367.5,49
"573",37905,37905,"Elephant Island",2018,"lepi_lars-trematominae",367.5,22
"574",37906,37906,"Elephant Island",2018,"lepi_lars-trematominae",367.5,21
"575",37907,37907,"Elephant Island",2018,"lepi_lars-trematominae",367.5,18
"576",37908,37908,"Elephant Island",2018,"chionodraco_rastrospinosus-channichthyidae",367.5,32
"577",37909,37909,"Elephant Island",2018,"chionodraco_rastrospinosus-channichthyidae",367.5,32
"578",37910,37910,"Elephant Island",2018,"chionodraco_rastrospinosus-channichthyidae",367.5,34
"579",37911,37911,"Elephant Island",2018,"chionodraco_rastrospinosus-channichthyidae",367.5,31
"580",37917,37917,"Elephant Island",2018,"chionodraco_rastrospinosus-channichthyidae",367.5,36
"581",37918,37918,"Elephant Island",2018,"chionodraco_rastrospinosus-channichthyidae",367.5,35
"582",37919,37919,"Elephant Island",2018,"champsocephalus_gunnari-channichthyidae",330,29
"583",37920,37920,"Elephant Island",2018,"champsocephalus_gunnari-channichthyidae",330,33
"584",37921,37921,"Elephant Island",2018,"champsocephalus_gunnari-channichthyidae",330,33
"585",37922,37922,"Elephant Island",2018,"champsocephalus_gunnari-channichthyidae",330,34
"586",37923,37923,"Elephant Island",2018,"champsocephalus_gunnari-channichthyidae",330,32
"587",37924,37924,"Elephant Island",2018,"champsocephalus_gunnari-channichthyidae",330,34
"588",37925,37925,"Elephant Island",2018,"champsocephalus_gunnari-channichthyidae",330,33
"589",37926,37926,"Elephant Island",2018,"champsocephalus_gunnari-channichthyidae",330,34
"590",37927,37927,"Elephant Island",2018,"champsocephalus_gunnari-channichthyidae",330,34
"591",37928,37928,"Elephant Island",2018,"champsocephalus_gunnari-channichthyidae",330,32
"592",37929,37929,"Elephant Island",2018,"champsocephalus_gunnari-channichthyidae",330,36
"593",37930,37930,"Elephant Island",2018,"champsocephalus_gunnari-channichthyidae",330,34
"594",37931,37931,"Elephant Island",2018,"champsocephalus_gunnari-channichthyidae",330,32
"595",37932,37932,"Elephant Island",2018,"champsocephalus_gunnari-channichthyidae",330,34
"596",37933,37933,"Elephant Island",2018,"champsocephalus_gunnari-channichthyidae",330,34
"597",37934,37934,"Elephant Island",2018,"champsocephalus_gunnari-channichthyidae",330,34
"598",37935,37935,"Elephant Island",2018,"champsocephalus_gunnari-channichthyidae",330,34
"599",37936,37936,"Elephant Island",2018,"champsocephalus_gunnari-channichthyidae",330,33
"600",37937,37937,"Elephant Island",2018,"champsocephalus_gunnari-channichthyidae",330,34
"601",37938,37938,"Elephant Island",2018,"champsocephalus_gunnari-channichthyidae",330,33
"602",37939,37939,"Elephant Island",2018,"champsocephalus_gunnari-channichthyidae",330,33
"603",37940,37940,"Elephant Island",2018,"champsocephalus_gunnari-channichthyidae",330,32
"604",37941,37941,"Elephant Island",2018,"champsocephalus_gunnari-channichthyidae",330,32
"605",37942,37942,"Elephant Island",2018,"champsocephalus_gunnari-channichthyidae",330,33
"606",37943,37943,"Elephant Island",2018,"champsocephalus_gunnari-channichthyidae",330,32
"607",37944,37944,"Elephant Island",2018,"champsocephalus_gunnari-channichthyidae",330,32
"608",37945,37945,"Elephant Island",2018,"champsocephalus_gunnari-channichthyidae",330,32
"609",37946,37946,"Elephant Island",2018,"champsocephalus_gunnari-channichthyidae",330,34
"610",37947,37947,"Elephant Island",2018,"champsocephalus_gunnari-channichthyidae",330,31
"611",37948,37948,"Elephant Island",2018,"champsocephalus_gunnari-channichthyidae",330,30
"612",37949,37949,"Elephant Island",2018,"champsocephalus_gunnari-channichthyidae",330,48
"613",37950,37950,"Elephant Island",2018,"champsocephalus_gunnari-channichthyidae",330,34
"614",37951,37951,"Elephant Island",2018,"champsocephalus_gunnari-channichthyidae",330,39
"615",37952,37952,"Elephant Island",2018,"champsocephalus_gunnari-channichthyidae",330,23
"616",37953,37953,"Elephant Island",2018,"champsocephalus_gunnari-channichthyidae",330,32
"617",37954,37954,"Elephant Island",2018,"champsocephalus_gunnari-channichthyidae",330,38
"618",37955,37955,"Elephant Island",2018,"champsocephalus_gunnari-channichthyidae",330,50
"619",37956,37956,"Elephant Island",2018,"champsocephalus_gunnari-channichthyidae",330,32
"620",37957,37957,"Elephant Island",2018,"champsocephalus_gunnari-channichthyidae",330,34
"621",37958,37958,"Elephant Island",2018,"champsocephalus_gunnari-channichthyidae",330,35
"622",37959,37959,"Elephant Island",2018,"champsocephalus_gunnari-channichthyidae",330,34
"623",37960,37960,"Elephant Island",2018,"champsocephalus_gunnari-channichthyidae",330,35
"624",37961,37961,"Elephant Island",2018,"champsocephalus_gunnari-channichthyidae",330,34
"625",37962,37962,"Elephant Island",2018,"champsocephalus_gunnari-channichthyidae",330,49
"626",37963,37963,"Elephant Island",2018,"champsocephalus_gunnari-channichthyidae",330,34
"627",37964,37964,"Elephant Island",2018,"champsocephalus_gunnari-channichthyidae",330,34
"628",37965,37965,"Elephant Island",2018,"champsocephalus_gunnari-channichthyidae",330,35
"629",37966,37966,"Elephant Island",2018,"champsocephalus_gunnari-channichthyidae",330,33
"630",37967,37967,"Elephant Island",2018,"champsocephalus_gunnari-channichthyidae",330,33
"631",37968,37968,"Elephant Island",2018,"champsocephalus_gunnari-channichthyidae",330,30
"632",37969,37969,"Elephant Island",2018,"champsocephalus_gunnari-channichthyidae",330,35
"633",37970,37970,"Elephant Island",2018,"champsocephalus_gunnari-channichthyidae",330,36
"634",37971,37971,"Elephant Island",2018,"champsocephalus_gunnari-channichthyidae",330,33
"635",37972,37972,"Elephant Island",2018,"champsocephalus_gunnari-channichthyidae",330,33
"636",37973,37973,"Elephant Island",2018,"champsocephalus_gunnari-channichthyidae",330,33
"637",37974,37974,"Elephant Island",2018,"champsocephalus_gunnari-channichthyidae",330,34
"638",37975,37975,"Elephant Island",2018,"champsocephalus_gunnari-channichthyidae",330,33
"639",37976,37976,"Elephant Island",2018,"champsocephalus_gunnari-channichthyidae",330,35
"640",37977,37977,"Elephant Island",2018,"champsocephalus_gunnari-channichthyidae",330,31
"641",37978,37978,"Elephant Island",2018,"champsocephalus_gunnari-channichthyidae",330,34
"642",37979,37979,"Elephant Island",2018,"champsocephalus_gunnari-channichthyidae",330,31
"643",37980,37980,"Elephant Island",2018,"champsocephalus_gunnari-channichthyidae",330,34
"644",37981,37981,"Elephant Island",2018,"champsocephalus_gunnari-channichthyidae",330,32
"645",37982,37982,"Elephant Island",2018,"champsocephalus_gunnari-channichthyidae",330,35
"646",37983,37983,"Elephant Island",2018,"champsocephalus_gunnari-channichthyidae",330,30
"647",37984,37984,"Elephant Island",2018,"champsocephalus_gunnari-channichthyidae",330,47
"648",37985,37985,"Elephant Island",2018,"champsocephalus_gunnari-channichthyidae",330,33
"649",37986,37986,"Elephant Island",2018,"champsocephalus_gunnari-channichthyidae",330,33
"650",37987,37987,"Elephant Island",2018,"champsocephalus_gunnari-channichthyidae",330,31
"651",37988,37988,"Elephant Island",2018,"champsocephalus_gunnari-channichthyidae",330,33
"652",37989,37989,"Elephant Island",2018,"champsocephalus_gunnari-channichthyidae",330,51
"653",37990,37990,"Elephant Island",2018,"champsocephalus_gunnari-channichthyidae",330,32
"654",37991,37991,"Elephant Island",2018,"champsocephalus_gunnari-channichthyidae",330,47
"655",37992,37992,"Elephant Island",2018,"champsocephalus_gunnari-channichthyidae",330,31
"656",37993,37993,"Elephant Island",2018,"champsocephalus_gunnari-channichthyidae",330,33
"657",37994,37994,"Elephant Island",2018,"champsocephalus_gunnari-channichthyidae",330,31
"658",37995,37995,"Elephant Island",2018,"champsocephalus_gunnari-channichthyidae",330,33
"659",37996,37996,"Elephant Island",2018,"champsocephalus_gunnari-channichthyidae",330,32
"660",37997,37997,"Elephant Island",2018,"champsocephalus_gunnari-channichthyidae",330,34
"661",37998,37998,"Elephant Island",2018,"champsocephalus_gunnari-channichthyidae",330,36
"662",37999,37999,"Elephant Island",2018,"champsocephalus_gunnari-channichthyidae",330,31
"663",38000,38000,"Elephant Island",2018,"champsocephalus_gunnari-channichthyidae",330,37
"664",38001,38001,"Elephant Island",2018,"champsocephalus_gunnari-channichthyidae",330,34
"665",38002,38002,"Elephant Island",2018,"champsocephalus_gunnari-channichthyidae",330,33
"666",38003,38003,"Elephant Island",2018,"champsocephalus_gunnari-channichthyidae",330,32
"667",38004,38004,"Elephant Island",2018,"champsocephalus_gunnari-channichthyidae",330,30
"668",38005,38005,"Elephant Island",2018,"champsocephalus_gunnari-channichthyidae",330,34
"669",38006,38006,"Elephant Island",2018,"champsocephalus_gunnari-channichthyidae",330,50
"670",38007,38007,"Elephant Island",2018,"champsocephalus_gunnari-channichthyidae",330,33
"671",38008,38008,"Elephant Island",2018,"champsocephalus_gunnari-channichthyidae",330,49
"672",38009,38009,"Elephant Island",2018,"champsocephalus_gunnari-channichthyidae",330,32
"673",38010,38010,"Elephant Island",2018,"champsocephalus_gunnari-channichthyidae",330,32
"674",38011,38011,"Elephant Island",2018,"champsocephalus_gunnari-channichthyidae",330,34
"675",38012,38012,"Elephant Island",2018,"champsocephalus_gunnari-channichthyidae",330,33
"676",38013,38013,"Elephant Island",2018,"champsocephalus_gunnari-channichthyidae",330,31
"677",38014,38014,"Elephant Island",2018,"champsocephalus_gunnari-channichthyidae",330,30
"678",38015,38015,"Elephant Island",2018,"champsocephalus_gunnari-channichthyidae",330,31
"679",38016,38016,"Elephant Island",2018,"champsocephalus_gunnari-channichthyidae",330,51
"680",38017,38017,"Elephant Island",2018,"champsocephalus_gunnari-channichthyidae",330,33
"681",38018,38018,"Elephant Island",2018,"champsocephalus_gunnari-channichthyidae",330,32
"682",38019,38019,"Elephant Island",2018,"champsocephalus_gunnari-channichthyidae",330,32
"683",38020,38020,"Elephant Island",2018,"champsocephalus_gunnari-channichthyidae",330,33
"684",38021,38021,"Elephant Island",2018,"champsocephalus_gunnari-channichthyidae",330,31
"685",38022,38022,"Elephant Island",2018,"champsocephalus_gunnari-channichthyidae",330,47
"686",38023,38023,"Elephant Island",2018,"champsocephalus_gunnari-channichthyidae",330,31
"687",38024,38024,"Elephant Island",2018,"champsocephalus_gunnari-channichthyidae",330,30
"688",38025,38025,"Elephant Island",2018,"champsocephalus_gunnari-channichthyidae",330,31
"689",38026,38026,"Elephant Island",2018,"champsocephalus_gunnari-channichthyidae",330,30
"690",38027,38027,"Elephant Island",2018,"champsocephalus_gunnari-channichthyidae",330,33
"691",38028,38028,"Elephant Island",2018,"champsocephalus_gunnari-channichthyidae",330,31
"692",38029,38029,"Elephant Island",2018,"champsocephalus_gunnari-channichthyidae",330,30
"693",38030,38030,"Elephant Island",2018,"champsocephalus_gunnari-channichthyidae",330,48
"694",38031,38031,"Elephant Island",2018,"champsocephalus_gunnari-channichthyidae",330,34
"695",38032,38032,"Elephant Island",2018,"champsocephalus_gunnari-channichthyidae",330,34
"696",38033,38033,"Elephant Island",2018,"champsocephalus_gunnari-channichthyidae",330,37
"697",38034,38034,"Elephant Island",2018,"champsocephalus_gunnari-channichthyidae",330,31
"698",38035,38035,"Elephant Island",2018,"champsocephalus_gunnari-channichthyidae",330,34
"699",38036,38036,"Elephant Island",2018,"champsocephalus_gunnari-channichthyidae",330,31
"700",38037,38037,"Elephant Island",2018,"champsocephalus_gunnari-channichthyidae",330,32
"701",38038,38038,"Elephant Island",2018,"champsocephalus_gunnari-channichthyidae",330,31
"702",38039,38039,"Elephant Island",2018,"champsocephalus_gunnari-channichthyidae",330,35
"703",38040,38040,"Elephant Island",2018,"champsocephalus_gunnari-channichthyidae",330,33
"704",38041,38041,"Elephant Island",2018,"champsocephalus_gunnari-channichthyidae",330,33
"705",38042,38042,"Elephant Island",2018,"champsocephalus_gunnari-channichthyidae",330,45
"706",38043,38043,"Elephant Island",2018,"champsocephalus_gunnari-channichthyidae",330,36
"707",38044,38044,"Elephant Island",2018,"champsocephalus_gunnari-channichthyidae",330,34
"708",38045,38045,"Elephant Island",2018,"champsocephalus_gunnari-channichthyidae",330,35
"709",38046,38046,"Elephant Island",2018,"champsocephalus_gunnari-channichthyidae",330,34
"710",38047,38047,"Elephant Island",2018,"champsocephalus_gunnari-channichthyidae",330,32
"711",38048,38048,"Elephant Island",2018,"champsocephalus_gunnari-channichthyidae",330,35
"712",38049,38049,"Elephant Island",2018,"champsocephalus_gunnari-channichthyidae",330,35
"713",38050,38050,"Elephant Island",2018,"champsocephalus_gunnari-channichthyidae",330,33
"714",38051,38051,"Elephant Island",2018,"champsocephalus_gunnari-channichthyidae",330,37
"715",38052,38052,"Elephant Island",2018,"champsocephalus_gunnari-channichthyidae",330,34
"716",38053,38053,"Elephant Island",2018,"champsocephalus_gunnari-channichthyidae",330,34
"717",38054,38054,"Elephant Island",2018,"champsocephalus_gunnari-channichthyidae",330,32
"718",38055,38055,"Elephant Island",2018,"champsocephalus_gunnari-channichthyidae",330,35
"719",38056,38056,"Elephant Island",2018,"champsocephalus_gunnari-channichthyidae",330,35
"720",38057,38057,"Elephant Island",2018,"champsocephalus_gunnari-channichthyidae",330,34
"721",38058,38058,"Elephant Island",2018,"champsocephalus_gunnari-channichthyidae",330,36
"722",38059,38059,"Elephant Island",2018,"champsocephalus_gunnari-channichthyidae",330,45
"723",38060,38060,"Elephant Island",2018,"champsocephalus_gunnari-channichthyidae",330,35
"724",38061,38061,"Elephant Island",2018,"champsocephalus_gunnari-channichthyidae",330,34
"725",38062,38062,"Elephant Island",2018,"champsocephalus_gunnari-channichthyidae",330,32
"726",38063,38063,"Elephant Island",2018,"champsocephalus_gunnari-channichthyidae",330,32
"727",38064,38064,"Elephant Island",2018,"champsocephalus_gunnari-channichthyidae",330,34
"728",38065,38065,"Elephant Island",2018,"champsocephalus_gunnari-channichthyidae",330,35
"729",38066,38066,"Elephant Island",2018,"champsocephalus_gunnari-channichthyidae",330,34
"730",38067,38067,"Elephant Island",2018,"champsocephalus_gunnari-channichthyidae",330,34
"731",38068,38068,"Elephant Island",2018,"champsocephalus_gunnari-channichthyidae",330,31
"732",38069,38069,"Elephant Island",2018,"champsocephalus_gunnari-channichthyidae",330,30
"733",38070,38070,"Elephant Island",2018,"champsocephalus_gunnari-channichthyidae",330,31
"734",38071,38071,"Elephant Island",2018,"champsocephalus_gunnari-channichthyidae",330,33
"735",38072,38072,"Elephant Island",2018,"champsocephalus_gunnari-channichthyidae",330,33
"736",38073,38073,"Elephant Island",2018,"champsocephalus_gunnari-channichthyidae",330,33
"737",38074,38074,"Elephant Island",2018,"champsocephalus_gunnari-channichthyidae",330,34
"738",38075,38075,"Elephant Island",2018,"champsocephalus_gunnari-channichthyidae",330,32
"739",38076,38076,"Elephant Island",2018,"champsocephalus_gunnari-channichthyidae",330,35
"740",38077,38077,"Elephant Island",2018,"champsocephalus_gunnari-channichthyidae",330,31
"741",38078,38078,"Elephant Island",2018,"champsocephalus_gunnari-channichthyidae",330,33
"742",38079,38079,"Elephant Island",2018,"champsocephalus_gunnari-channichthyidae",330,34
"743",38080,38080,"Elephant Island",2018,"champsocephalus_gunnari-channichthyidae",330,30
"744",38081,38081,"Elephant Island",2018,"champsocephalus_gunnari-channichthyidae",330,31
"745",38082,38082,"Elephant Island",2018,"champsocephalus_gunnari-channichthyidae",330,32
"746",38083,38083,"Elephant Island",2018,"champsocephalus_gunnari-channichthyidae",330,34
"747",38084,38084,"Elephant Island",2018,"champsocephalus_gunnari-channichthyidae",330,31
"748",38085,38085,"Elephant Island",2018,"champsocephalus_gunnari-channichthyidae",330,32
"749",38086,38086,"Elephant Island",2018,"champsocephalus_gunnari-channichthyidae",330,29
"750",38087,38087,"Elephant Island",2018,"champsocephalus_gunnari-channichthyidae",330,30
"751",38088,38088,"Elephant Island",2018,"champsocephalus_gunnari-channichthyidae",330,32
"752",38089,38089,"Elephant Island",2018,"champsocephalus_gunnari-channichthyidae",330,29
"753",38090,38090,"Elephant Island",2018,"champsocephalus_gunnari-channichthyidae",330,31
"754",38091,38091,"Elephant Island",2018,"champsocephalus_gunnari-channichthyidae",330,31
"755",38092,38092,"Elephant Island",2018,"champsocephalus_gunnari-channichthyidae",330,29
"756",38093,38093,"Elephant Island",2018,"champsocephalus_gunnari-channichthyidae",330,30
"757",38094,38094,"Elephant Island",2018,"champsocephalus_gunnari-channichthyidae",330,33
"758",38095,38095,"Elephant Island",2018,"champsocephalus_gunnari-channichthyidae",330,35
"759",38096,38096,"Elephant Island",2018,"champsocephalus_gunnari-channichthyidae",330,33
"760",38097,38097,"Elephant Island",2018,"champsocephalus_gunnari-channichthyidae",330,34
"761",38098,38098,"Elephant Island",2018,"champsocephalus_gunnari-channichthyidae",330,32
"762",38099,38099,"Elephant Island",2018,"champsocephalus_gunnari-channichthyidae",330,32
"763",38100,38100,"Elephant Island",2018,"champsocephalus_gunnari-channichthyidae",330,33
"764",38101,38101,"Elephant Island",2018,"champsocephalus_gunnari-channichthyidae",330,35
"765",38102,38102,"Elephant Island",2018,"champsocephalus_gunnari-channichthyidae",330,30
"766",38103,38103,"Elephant Island",2018,"champsocephalus_gunnari-channichthyidae",330,34
"767",38104,38104,"Elephant Island",2018,"champsocephalus_gunnari-channichthyidae",330,32
"768",38105,38105,"Elephant Island",2018,"champsocephalus_gunnari-channichthyidae",330,34
"769",38106,38106,"Elephant Island",2018,"champsocephalus_gunnari-channichthyidae",330,33
"770",38107,38107,"Elephant Island",2018,"champsocephalus_gunnari-channichthyidae",330,32
"771",38108,38108,"Elephant Island",2018,"champsocephalus_gunnari-channichthyidae",330,33
"772",38109,38109,"Elephant Island",2018,"champsocephalus_gunnari-channichthyidae",330,33
"773",38110,38110,"Elephant Island",2018,"champsocephalus_gunnari-channichthyidae",330,31
"774",38111,38111,"Elephant Island",2018,"champsocephalus_gunnari-channichthyidae",330,33
"775",38112,38112,"Elephant Island",2018,"champsocephalus_gunnari-channichthyidae",330,30
"776",38113,38113,"Elephant Island",2018,"champsocephalus_gunnari-channichthyidae",330,32
